advances,captured_at,chart30dPath,chart365dPath,chartTodayPath,date30dAgo,date365dAgo,declines,dy,high,index,indexSymbol,indicativeClose,key,last,low,oneMonthAgoVal,oneWeekAgo,oneWeekAgoVal,oneYearAgoVal,open,pb,pe,perChange30d,perChange365d,percentChange,previousClose,previousDay,previousDayVal,unchanged,variation,yearHigh,yearLow
29,2026-10-05 09:07:21,https://nsearchives.nseindia.com/30d/NIFTY-50.svg,https://nsearchives.nseindia.com/365d/NIFTY-50.svg,https://nsearchives.nseindia.com/today/NIFTY-50.svg,04-Sep-2026,03-Oct-2025,14,1.23,0,NIFTY 50,NIFTY 50,0,INDICES ELIGIBLE IN DERIVATIVES,22529,0,23897.7,28-Sep-2026,22780.25,24894.25,0,2.75,19.19,-5.73,-9.5,0.48,22421.95,01-Oct-2026,22421.95,7,107.05,26373.2,22182.55
34,2026-10-05 09:07:21,https://nsearchives.nseindia.com/30d/NIFTY-NEXT-50.svg,https://nsearchives.nseindia.com/365d/NIFTY-NEXT-50.svg,https://nsearchives.nseindia.com/today/NIFTY-NEXT-50.svg,04-Sep-2026,03-Oct-2025,12,1.06,0,NIFTY NEXT 50,NIFTY NEXT 50,0,INDICES ELIGIBLE IN DERIVATIVES,69147.25,0,72880.9,28-Sep-2026,70309.5,68355.9,0,3.31,18.08,-5.12,1.16,0.24,68981.35,01-Oct-2026,68981.35,4,165.9,75000.4,59896.1
11,2026-10-05 09:07:21,https://nsearchives.nseindia.com/30d/NIFTY-BANK.svg,https://nsearchives.nseindia.com/365d/NIFTY-BANK.svg,https://nsearchives.nseindia.com/today/NIFTY-BANK.svg,04-Sep-2026,03-Oct-2025,1,0.73,0,NIFTY BANK,NIFTY BANK,0,INDICES ELIGIBLE IN DERIVATIVES,54873.75,0,57369.65,28-Sep-2026,54471.65,55589.25,0,1.64,12.91,-4.35,-1.29,0.78,54450.75,01-Oct-2026,54450.75,2,423,61764.85,49954.85
17,2026-10-05 09:07:21,https://nsearchives.nseindia.com/30d/NIFTY-FIN-SERVICE.svg,https://nsearchives.nseindia.com/365d/NIFTY-FIN-SERVICE.svg,https://nsearchives.nseindia.com/today/NIFTY-FIN-SERVICE.svg,04-Sep-2026,03-Oct-2025,2,1.01,0,NIFTY FINANCIAL SERVICES,NIFTY FIN SERVICE,0,INDICES ELIGIBLE IN DERIVATIVES,24790.1,0,26051,28-Sep-2026,24671.65,26426.75,0,2.27,15.05,-4.84,-6.19,0.95,24556.1,01-Oct-2026,24556.1,1,234,28562.5,23373.95
17,2026-10-05 09:07:21,https://nsearchives.nseindia.com/30d/NIFTY-MID-SELECT.svg,https://nsearchives.nseindia.com/365d/NIFTY-MID-SELECT.svg,https://nsearchives.nseindia.com/today/NIFTY-MID-SELECT.svg,04-Sep-2026,03-Oct-2025,4,0.5,0,NIFTY MIDCAP SELECT,NIFTY MID SELECT,0,INDICES ELIGIBLE IN DERIVATIVES,13621.6,0,14713.65,28-Sep-2026,13776.35,12793.6,0,4.06,28.74,-7.42,6.47,0.43,13562.75,01-Oct-2026,13562.75,4,58.85,15089.75,12046.2
94,2026-10-05 09:07:21,https://nsearchives.nseindia.com/30d/NIFTY-FPI-150.svg,,https://nsearchives.nseindia.com/today/NIFTY-FPI-150.svg,04-Sep-2026,,37,1.13,0,NIFTY INDIA FPI 150,NIFTY FPI 150,0,INDICES ELIGIBLE IN DERIVATIVES,1461.9,0,1553.7,28-Sep-2026,1481.7,0,0,3.12,21.02,-5.91,0,0.41,1456,01-Oct-2026,1456,19,5.9,1641.4,1346.5
63,2026-10-05 09:07:21,https://nsearchives.nseindia.com/30d/NIFTY-100.svg,https://nsearchives.nseindia.com/365d/NIFTY-100.svg,https://nsearchives.nseindia.com/today/NIFTY-100.svg,04-Sep-2026,03-Oct-2025,26,1.2,0,NIFTY 100,NIFTY 100,0,BROAD MARKET INDICES,23617.95,0,25023.15,28-Sep-2026,23906.65,25569.3,0,2.84,18.97,-5.62,-7.63,0.43,23516.5,01-Oct-2026,23516.5,11,101.45,26975.15,22720.45
129,2026-10-05 09:07:21,https://nsearchives.nseindia.com/30d/NIFTY-200.svg,https://nsearchives.nseindia.com/365d/NIFTY-200.svg,https://nsearchives.nseindia.com/today/NIFTY-200.svg,04-Sep-2026,03-Oct-2025,42,1.09,0,NIFTY 200,NIFTY 200,0,BROAD MARKET INDICES,13102.7,0,13908.5,28-Sep-2026,13272.2,13904.5,0,2.99,20.25,-5.79,-5.77,0.43,13046.45,01-Oct-2026,13046.45,29,56.25,14700.95,12396.1
343,2026-10-05 09:07:21,https://nsearchives.nseindia.com/30d/NIFTY-500.svg,https://nsearchives.nseindia.com/365d/NIFTY-500.svg,https://nsearchives.nseindia.com/today/NIFTY-500.svg,04-Sep-2026,03-Oct-2025,84,1.03,0,NIFTY 500,NIFTY 500,0,BROAD MARKET INDICES,21954.75,0,23254.15,28-Sep-2026,22232.15,23027.7,0,3.06,21.56,-5.59,-4.66,0.44,21857.75,01-Oct-2026,21857.75,74,97,24144.2,20385.65
28,2026-10-05 09:07:21,https://nsearchives.nseindia.com/30d/NIFTY-MIDCAP-50.svg,https://nsearchives.nseindia.com/365d/NIFTY-MIDCAP-50.svg,https://nsearchives.nseindia.com/today/NIFTY-MIDCAP-50.svg,04-Sep-2026,03-Oct-2025,11,0.68,0,NIFTY MIDCAP 50,NIFTY MIDCAP 50,0,BROAD MARKET INDICES,16907.35,0,18127.75,28-Sep-2026,17208.9,16199.85,0,3.65,29.8,-6.73,4.37,0.4,16840.35,01-Oct-2026,16840.35,11,67,18500.95,14804.55
66,2026-10-05 09:07:21,https://nsearchives.nseindia.com/30d/NIFTY-MIDCAP-100.svg,https://nsearchives.nseindia.com/365d/NIFTY-MIDCAP-100.svg,https://nsearchives.nseindia.com/today/NIFTY-MIDCAP-100.svg,04-Sep-2026,03-Oct-2025,16,0.65,0,NIFTY MIDCAP 100,NIFTY MIDCAP 100,0,BROAD MARKET INDICES,58984.45,0,63079.05,28-Sep-2026,59914.2,57503.35,0,3.73,27.7,-6.49,2.58,0.43,58732,01-Oct-2026,58732,18,252.45,64450.9,52032.85
71,2026-10-05 09:07:21,https://nsearchives.nseindia.com/30d/NIFTY-SMLCAP-100.svg,https://nsearchives.nseindia.com/365d/NIFTY-SMLCAP-100.svg,https://nsearchives.nseindia.com/today/NIFTY-SMLCAP-100.svg,04-Sep-2026,03-Oct-2025,9,0.55,0,NIFTY SMALLCAP 100,NIFTY SMLCAP 100,0,BROAD MARKET INDICES,19185.6,0,20095.45,28-Sep-2026,19351.1,17878.15,0,3.69,37.37,-4.53,7.31,0.67,19058.65,01-Oct-2026,19058.65,20,126.95,20187.8,14986
,2026-10-05 09:07:21,https://nsearchives.nseindia.com/30d/INDIA-VIX.svg,https://nsearchives.nseindia.com/365d/INDIA-VIX.svg,https://nsearchives.nseindia.com/today/INDIA-VIX.svg,04-Sep-2026,03-Oct-2025,,0,0,INDIA VIX,INDIA VIX,0,BROAD MARKET INDICES,14.46,0,10.68,28-Sep-2026,13.64,10.06,0,0,0,35.39,43.74,7.15,14.46,01-Oct-2026,14.46,,0,23.09,10.39
100,2026-10-05 09:07:21,https://nsearchives.nseindia.com/30d/NIFTY-MIDCAP-150.svg,https://nsearchives.nseindia.com/365d/NIFTY-MIDCAP-150.svg,https://nsearchives.nseindia.com/today/NIFTY-MIDCAP-150.svg,04-Sep-2026,03-Oct-2025,22,0.72,0,NIFTY MIDCAP 150,NIFTY MIDCAP 150,0,BROAD MARKET INDICES,21731.7,0,23168.35,28-Sep-2026,22071.3,21400.3,0,3.79,28.1,-6.2,1.55,0.41,21643.85,01-Oct-2026,21643.85,28,87.85,23647.5,19218
34,2026-10-05 09:07:21,https://nsearchives.nseindia.com/30d/NIFTY-SMLCAP-50.svg,https://nsearchives.nseindia.com/365d/NIFTY-SMLCAP-50.svg,https://nsearchives.nseindia.com/today/NIFTY-SMLCAP-50.svg,04-Sep-2026,03-Oct-2025,6,0.6,0,NIFTY SMALLCAP 50,NIFTY SMLCAP 50,0,BROAD MARKET INDICES,9598.45,0,10019.5,28-Sep-2026,9696.25,8517.9,0,3.79,34.73,-4.2,12.69,0.67,9534.7,01-Oct-2026,9534.7,10,63.75,10067.95,7338.35
180,2026-10-05 09:07:21,https://nsearchives.nseindia.com/30d/NIFTY-SMLCAP-250.svg,https://nsearchives.nseindia.com/365d/NIFTY-SMLCAP-250.svg,https://nsearchives.nseindia.com/today/NIFTY-SMLCAP-250.svg,04-Sep-2026,03-Oct-2025,36,0.62,0,NIFTY SMALLCAP 250,NIFTY SMLCAP 250,0,BROAD MARKET INDICES,17692,0,18481.4,28-Sep-2026,17863.2,17015.3,0,3.38,34.05,-4.27,3.98,0.59,17589.05,01-Oct-2026,17589.05,35,102.95,18551,14143.45
280,2026-10-05 09:07:21,https://nsearchives.nseindia.com/30d/NIFTY-MIDSML-400.svg,https://nsearchives.nseindia.com/365d/NIFTY-MIDSML-400.svg,https://nsearchives.nseindia.com/today/NIFTY-MIDSML-400.svg,04-Sep-2026,03-Oct-2025,58,0.69,0,NIFTY MIDSMALLCAP 400,NIFTY MIDSML 400,0,BROAD MARKET INDICES,20289.75,0,21478.2,28-Sep-2026,20564.3,19831.75,0,3.64,29.96,-5.53,2.31,0.47,20194.95,01-Oct-2026,20194.95,63,94.8,21770.3,17390.85
343,2026-10-05 09:07:21,https://nsearchives.nseindia.com/30d/NIFTY500-MULTICAP.svg,https://nsearchives.nseindia.com/365d/NIFTY500-MULTICAP.svg,https://nsearchives.nseindia.com/today/NIFTY500-MULTICAP.svg,04-Sep-2026,03-Oct-2025,84,0.94,0,NIFTY500 MULTICAP 50:25:25,NIFTY500 MULTICAP,0,BROAD MARKET INDICES,15663.7,0,16561.6,28-Sep-2026,15858.65,16046.9,0,3.17,23.48,-5.42,-2.39,0.46,15591.4,01-Oct-2026,15591.4,74,72.3,16847.15,14102.2
163,2026-10-05 09:07:21,https://nsearchives.nseindia.com/30d/NIFTY-LARGEMID250.svg,https://nsearchives.nseindia.com/365d/NIFTY-LARGEMID250.svg,https://nsearchives.nseindia.com/today/NIFTY-LARGEMID250.svg,04-Sep-2026,03-Oct-2025,48,0.96,0,NIFTY LARGEMIDCAP 250,NIFTY LARGEMID250,0,BROAD MARKET INDICES,15670.05,0,16654.9,28-Sep-2026,15888.7,16169.85,0,3.25,22.64,-5.91,-3.09,0.42,15604.7,01-Oct-2026,15604.7,39,65.35,17077.75,14445.65
509,2026-10-05 09:07:21,https://nsearchives.nseindia.com/30d/NIFTY-TOTAL-MKT.svg,https://nsearchives.nseindia.com/365d/NIFTY-TOTAL-MKT.svg,https://nsearchives.nseindia.com/today/NIFTY-TOTAL-MKT.svg,04-Sep-2026,03-Oct-2025,134,1.01,0,NIFTY TOTAL MARKET,NIFTY TOTAL MKT,0,BROAD MARKET INDICES,12437.95,0,13148.1,28-Sep-2026,12587.3,12958.1,0,3.07,21.75,-5.4,-4.01,0.45,12382.3,01-Oct-2026,12382.3,112,55.65,13548,11436.55
166,2026-10-05 09:07:21,https://nsearchives.nseindia.com/30d/NIFTY-MICROCAP250.svg,https://nsearchives.nseindia.com/365d/NIFTY-MICROCAP250.svg,https://nsearchives.nseindia.com/today/NIFTY-MICROCAP250.svg,04-Sep-2026,03-Oct-2025,50,0.46,0,NIFTY MICROCAP 250,NIFTY MICROCAP250,0,BROAD MARKET INDICES,26058.25,0,26466.2,28-Sep-2026,26052.25,23511.8,0,3.13,26.93,-1.54,10.83,0.57,25911.8,01-Oct-2026,25911.8,38,146.45,26798.5,18858.5
343,2026-10-05 09:07:21,https://nsearchives.nseindia.com/30d/NIFTY500-LMS-EQL.svg,https://nsearchives.nseindia.com/365d/NIFTY500-LMS-EQL.svg,https://nsearchives.nseindia.com/today/NIFTY500-LMS-EQL.svg,04-Sep-2026,03-Oct-2025,84,0.85,0,NIFTY500 LARGEMIDSMALL EQUAL-CAP WEIGHTED,NIFTY500 LMS EQL,0,BROAD MARKET INDICES,17588.2,0,18583.75,28-Sep-2026,17808.2,17700.95,0,3.29,25.5,-5.36,-0.64,0.47,17505.1,01-Oct-2026,17505.1,74,83.1,18831.8,15495.1
341,2026-10-05 09:07:21,https://nsearchives.nseindia.com/30d/NIFTY-SMALLCAP-500.svg,,https://nsearchives.nseindia.com/today/NIFTY-SMALLCAP-500.svg,04-Sep-2026,,88,0.61,0,NIFTY SMALLCAP 500,NIFTY SMALLCAP 500,0,BROAD MARKET INDICES,20356.1,0,21086.6,28-Sep-2026,20493.7,0,0,3.34,31.78,-3.46,0,0.57,20240.3,01-Oct-2026,20240.3,76,115.8,21203.8,15960.2
280,2026-10-05 09:07:21,https://nsearchives.nseindia.com/30d/NIFTY-MIDSMALL-50-50.svg,,https://nsearchives.nseindia.com/today/NIFTY-MIDSMALL-50-50.svg,04-Sep-2026,,58,0.67,0,NIFTY MIDSMALLCAP400 50:50,NIFTY MIDSMALL 50 50,0,BROAD MARKET INDICES,19897.8,0,20996.35,28-Sep-2026,20148.85,0,0,3.57,30.81,-5.23,0,0.5,19799.6,01-Oct-2026,19799.6,63,98.2,21223,16874.3
10,2026-10-05 09:07:21,https://nsearchives.nseindia.com/30d/NIFTY-AUTO.svg,https://nsearchives.nseindia.com/365d/NIFTY-AUTO.svg,https://nsearchives.nseindia.com/today/NIFTY-AUTO.svg,04-Sep-2026,03-Oct-2025,4,1.15,0,NIFTY AUTO,NIFTY AUTO,0,SECTORAL INDICES,25405.45,0,27710.9,28-Sep-2026,26525.05,26753.1,0,3.97,29.5,-8.32,-5.04,0.08,25384.95,01-Oct-2026,25384.95,1,20.5,29865.5,23560.1
17,2026-10-05 09:07:21,https://nsearchives.nseindia.com/30d/NIFTY-FINSRV25-50.svg,https://nsearchives.nseindia.com/365d/NIFTY-FINSRV25-50.svg,https://nsearchives.nseindia.com/today/NIFTY-FINSRV25-50.svg,04-Sep-2026,03-Oct-2025,2,1.13,0,NIFTY FINANCIAL SERVICES 25/50,NIFTY FINSRV25 50,0,SECTORAL INDICES,26434.75,0,28217.1,28-Sep-2026,26655.95,28497,0,2.31,14.62,-6.32,-7.24,0,26434.75,01-Oct-2026,26434.75,1,0,0,0
8,2026-10-05 09:07:21,https://nsearchives.nseindia.com/30d/NIFTY-FMCG.svg,https://nsearchives.nseindia.com/365d/NIFTY-FMCG.svg,https://nsearchives.nseindia.com/today/NIFTY-FMCG.svg,04-Sep-2026,03-Oct-2025,6,1.08,0,NIFTY FMCG,NIFTY FMCG,0,SECTORAL INDICES,43775.35,0,45892.75,28-Sep-2026,45264.35,55170.6,0,7.27,30.37,-4.61,-20.65,-0.03,43789.85,01-Oct-2026,43789.85,1,-14.5,57445.2,43442.3
10,2026-10-05 09:07:21,https://nsearchives.nseindia.com/30d/NIFTY-IT.svg,https://nsearchives.nseindia.com/365d/NIFTY-IT.svg,https://nsearchives.nseindia.com/today/NIFTY-IT.svg,04-Sep-2026,03-Oct-2025,0,2.83,0,NIFTY IT,NIFTY IT,0,SECTORAL INDICES,28730.95,0,30695.1,28-Sep-2026,28086.5,33949.75,0,4.96,17.8,-6.4,-15.37,1.51,28304.7,01-Oct-2026,28304.7,0,426.25,40301.4,25699.1
7,2026-10-05 09:07:21,https://nsearchives.nseindia.com/30d/NIFTY-MEDIA.svg,https://nsearchives.nseindia.com/365d/NIFTY-MEDIA.svg,https://nsearchives.nseindia.com/today/NIFTY-MEDIA.svg,04-Sep-2026,03-Oct-2025,2,0.48,0,NIFTY MEDIA,NIFTY MEDIA,0,SECTORAL INDICES,1553,0,1565.45,28-Sep-2026,1539.25,1604.9,0,1.68,40.8,-0.8,-3.23,0.43,1546.3,01-Oct-2026,1546.3,1,6.7,1636.25,1245.05
10,2026-10-05 09:07:21,https://nsearchives.nseindia.com/30d/NIFTY-METAL.svg,https://nsearchives.nseindia.com/365d/NIFTY-METAL.svg,https://nsearchives.nseindia.com/today/NIFTY-METAL.svg,04-Sep-2026,03-Oct-2025,3,1.47,0,NIFTY METAL,NIFTY METAL,0,SECTORAL INDICES,12540.9,0,13317.45,28-Sep-2026,12854.4,10277.1,0,2.65,16.34,-5.83,22.03,0.64,12460.7,01-Oct-2026,12460.7,2,80.2,13931.35,9968.4
9,2026-10-05 09:07:21,https://nsearchives.nseindia.com/30d/NIFTY-PHARMA.svg,https://nsearchives.nseindia.com/365d/NIFTY-PHARMA.svg,https://nsearchives.nseindia.com/today/NIFTY-PHARMA.svg,04-Sep-2026,03-Oct-2025,7,0.54,0,NIFTY PHARMA,NIFTY PHARMA,0,SECTORAL INDICES,26140.2,0,26478.1,28-Sep-2026,26761.65,21756.35,0,4.95,40.7,-1.28,20.15,-0.65,26311.55,01-Oct-2026,26311.55,4,-171.35,27255.05,21149.9
12,2026-10-05 09:07:21,https://nsearchives.nseindia.com/30d/NIFTY-PSU-BANK.svg,https://nsearchives.nseindia.com/365d/NIFTY-PSU-BANK.svg,https://nsearchives.nseindia.com/today/NIFTY-PSU-BANK.svg,04-Sep-2026,03-Oct-2025,0,0.81,0,NIFTY PSU BANK,NIFTY PSU BANK,0,SECTORAL INDICES,8011.4,0,8514.85,28-Sep-2026,8026.1,7583.3,0,1.1,7.15,-5.91,5.65,0.93,7937.8,01-Oct-2026,7937.8,0,73.6,9918.65,7484.5
6,2026-10-05 09:07:21,https://nsearchives.nseindia.com/30d/NIFTY-PVT-BANK.svg,https://nsearchives.nseindia.com/365d/NIFTY-PVT-BANK.svg,https://nsearchives.nseindia.com/today/NIFTY-PVT-BANK.svg,04-Sep-2026,03-Oct-2025,2,0.68,0,NIFTY PRIVATE BANK,NIFTY PVT BANK,0,SECTORAL INDICES,26905.1,0,27824.5,28-Sep-2026,26476.4,27159,0,1.91,16.49,-3.3,-0.93,0.78,26697.25,01-Oct-2026,26697.25,2,207.85,29748.45,23957.45
5,2026-10-05 09:07:21,https://nsearchives.nseindia.com/30d/NIFTY-REALTY.svg,https://nsearchives.nseindia.com/365d/NIFTY-REALTY.svg,https://nsearchives.nseindia.com/today/NIFTY-REALTY.svg,04-Sep-2026,03-Oct-2025,3,0.5,0,NIFTY REALTY,NIFTY REALTY,0,SECTORAL INDICES,835.1,0,907.9,28-Sep-2026,850.9,876.1,0,3.65,35.36,-8.02,-4.68,0.01,835,01-Oct-2026,835,2,0.1,974.5,638.65
8,2026-10-05 09:07:21,https://nsearchives.nseindia.com/30d/NIFTY-HEALTHCARE.svg,https://nsearchives.nseindia.com/365d/NIFTY-HEALTHCARE.svg,https://nsearchives.nseindia.com/today/NIFTY-HEALTHCARE.svg,04-Sep-2026,03-Oct-2025,9,0.48,0,NIFTY HEALTHCARE INDEX,NIFTY HEALTHCARE,0,SECTORAL INDICES,15953.35,0,16408.05,28-Sep-2026,16537.15,14287.2,0,5.32,41.91,-2.77,11.66,-0.88,16095.55,01-Oct-2026,16095.55,3,-142.2,16941.7,13536.5
9,2026-10-05 09:07:21,https://nsearchives.nseindia.com/30d/NIFTY-CONSR-DURBL.svg,https://nsearchives.nseindia.com/365d/NIFTY-CONSR-DURBL.svg,https://nsearchives.nseindia.com/today/NIFTY-CONSR-DURBL.svg,04-Sep-2026,03-Oct-2025,3,0.42,0,NIFTY CONSUMER DURABLES,NIFTY CONSR DURBL,0,SECTORAL INDICES,36035.75,0,39483.8,28-Sep-2026,38162.9,37781.7,0,9.26,57.73,-8.73,-4.62,0.3,35927.8,01-Oct-2026,35927.8,2,107.95,40964.55,32587.95
6,2026-10-05 09:07:21,https://nsearchives.nseindia.com/30d/NIFTY-OIL-AND-GAS.svg,https://nsearchives.nseindia.com/365d/NIFTY-OIL-AND-GAS.svg,https://nsearchives.nseindia.com/today/NIFTY-OIL-AND-GAS.svg,04-Sep-2026,03-Oct-2025,4,1.88,0,NIFTY OIL & GAS,NIFTY OIL AND GAS,0,SECTORAL INDICES,10497.05,0,11187.65,28-Sep-2026,10660.6,11374,0,1.29,10.44,-6.17,-7.71,0.21,10474.85,01-Oct-2026,10474.85,5,22.2,12445.7,10395.45
17,2026-10-05 09:07:21,https://nsearchives.nseindia.com/30d/NIFTY-MIDSML-HLTH.svg,https://nsearchives.nseindia.com/365d/NIFTY-MIDSML-HLTH.svg,https://nsearchives.nseindia.com/today/NIFTY-MIDSML-HLTH.svg,04-Sep-2026,03-Oct-2025,4,0.29,0,NIFTY MIDSMALL HEALTHCARE,NIFTY MIDSML HLTH,0,SECTORAL INDICES,51095.35,0,51936.75,28-Sep-2026,51714.75,43643.8,0,5.38,44.89,-1.62,17.07,0.26,50963.75,01-Oct-2026,50963.75,9,131.6,53415.1,40352.9
24,2026-10-05 09:07:21,https://nsearchives.nseindia.com/30d/NIFTY-FINSEREXBNK.svg,https://nsearchives.nseindia.com/365d/NIFTY-FINSEREXBNK.svg,https://nsearchives.nseindia.com/today/NIFTY-FINSEREXBNK.svg,04-Sep-2026,03-Oct-2025,4,0.82,0,NIFTY FINANCIAL SERVICES EX-BANK,NIFTY FINSEREXBNK,0,SECTORAL INDICES,29304.7,0,32179.7,28-Sep-2026,29815.35,29743.7,0,3.55,19.46,-8.93,-1.48,0.86,29054.05,01-Oct-2026,29054.05,2,250.65,33301.05,26788.05
22,2026-10-05 09:07:21,https://nsearchives.nseindia.com/30d/NIFTY-MS-FIN-SERV.svg,https://nsearchives.nseindia.com/365d/NIFTY-MS-FIN-SERV.svg,https://nsearchives.nseindia.com/today/NIFTY-MS-FIN-SERV.svg,04-Sep-2026,03-Oct-2025,4,0.68,0,NIFTY MIDSMALL FINANCIAL SERVICES,NIFTY MS FIN SERV,0,SECTORAL INDICES,20811.3,0,22818.45,28-Sep-2026,21127,18299.3,0,2.5,19.64,-8.8,13.73,0.36,20737.45,01-Oct-2026,20737.45,4,73.85,23193.65,18013.2
17,2026-10-05 09:07:21,https://nsearchives.nseindia.com/30d/NIFTY-MS-IT-TELCM.svg,https://nsearchives.nseindia.com/365d/NIFTY-MS-IT-TELCM.svg,https://nsearchives.nseindia.com/today/NIFTY-MS-IT-TELCM.svg,04-Sep-2026,03-Oct-2025,0,0.7,0,NIFTY MIDSMALL IT & TELECOM,NIFTY MS IT TELCM,0,SECTORAL INDICES,9630.15,0,10205.9,28-Sep-2026,9404.35,9423.75,0,5.36,29,-5.64,2.19,0.88,9546.4,01-Oct-2026,9546.4,3,83.75,10591.6,7748.35
15,2026-10-05 09:07:21,https://nsearchives.nseindia.com/30d/NIFTY-CHEMICALS.svg,https://nsearchives.nseindia.com/365d/NIFTY-CHEMICALS.svg,https://nsearchives.nseindia.com/today/NIFTY-CHEMICALS.svg,04-Sep-2026,03-Oct-2025,2,0.57,0,NIFTY CHEMICALS,NIFTY CHEMICALS,0,SECTORAL INDICES,28068.15,0,30101.8,28-Sep-2026,28692.05,29224.89,0,3.68,41.86,-6.76,-3.96,0.44,27944.45,01-Oct-2026,27944.45,3,123.7,31895.45,24851.65
21,2026-10-05 09:07:21,https://nsearchives.nseindia.com/30d/NIFTY500-HEALTH.svg,,https://nsearchives.nseindia.com/today/NIFTY500-HEALTH.svg,04-Sep-2026,,13,0.42,0,NIFTY500 HEALTHCARE,NIFTY500 HEALTH,0,SECTORAL INDICES,20930.05,0,21481.25,28-Sep-2026,21610.25,0,0,5.58,45.07,-2.57,0,-0.56,21046.9,01-Oct-2026,21046.9,10,-116.85,22125.15,16294.6
9,2026-10-05 09:07:21,https://nsearchives.nseindia.com/30d/NIFTY-REITS-REALTY.svg,,https://nsearchives.nseindia.com/today/NIFTY-REITS-REALTY.svg,04-Sep-2026,,3,3.54,0,NIFTY REITS & REALTY,NIFTY REITS REALTY,0,SECTORAL INDICES,1868.05,0,1945.6,28-Sep-2026,1892.15,0,0,2.78,52.89,-3.99,0,0.35,1861.6,01-Oct-2026,1861.6,3,6.45,2012.9,1632.55
7,2026-10-05 09:07:21,https://nsearchives.nseindia.com/30d/NIFTY-CEMENT.svg,,https://nsearchives.nseindia.com/today/NIFTY-CEMENT.svg,04-Sep-2026,,3,0.42,0,NIFTY CEMENT,NIFTY CEMENT,0,SECTORAL INDICES,13579.75,0,14651.6,28-Sep-2026,13885.75,0,0,1.96,25.53,-7.32,0,0.17,13557.2,01-Oct-2026,13557.2,2,22.55,18188.6,13394
40,2026-10-05 09:07:21,https://nsearchives.nseindia.com/30d/NIFTY-DIV-OPPS-50.svg,https://nsearchives.nseindia.com/365d/NIFTY-DIV-OPPS-50.svg,https://nsearchives.nseindia.com/today/NIFTY-DIV-OPPS-50.svg,04-Sep-2026,03-Oct-2025,6,2.4,0,NIFTY DIVIDEND OPPORTUNITIES 50,NIFTY DIV OPPS 50,0,STRATEGY INDICES,5466.6,0,5803.05,28-Sep-2026,5518.65,5964,0,2.23,12.29,-5.8,-8.34,0.86,5420,01-Oct-2026,5420,4,46.6,6584.65,5360.05
8,2026-10-05 09:07:21,https://nsearchives.nseindia.com/30d/NIFTY-GROWSECT-15.svg,https://nsearchives.nseindia.com/365d/NIFTY-GROWSECT-15.svg,https://nsearchives.nseindia.com/today/NIFTY-GROWSECT-15.svg,04-Sep-2026,03-Oct-2025,6,1.79,0,NIFTY GROWTH SECTORS 15,NIFTY GROWSECT 15,0,STRATEGY INDICES,10511.05,0,11307.2,28-Sep-2026,10732.15,11679.2,0,5.73,24.45,-7.04,-10,0.22,10487.55,01-Oct-2026,10487.55,1,23.5,12852.45,10329.35
20,2026-10-05 09:07:21,https://nsearchives.nseindia.com/30d/NIFTY100-QUALTY30.svg,https://nsearchives.nseindia.com/365d/NIFTY100-QUALTY30.svg,https://nsearchives.nseindia.com/today/NIFTY100-QUALTY30.svg,04-Sep-2026,03-Oct-2025,6,1.79,0,NIFTY100 QUALITY 30,NIFTY100 QUALTY30,0,STRATEGY INDICES,5261.85,0,5615,28-Sep-2026,5379.3,5600.4,0,6.18,25.32,-6.29,-6.05,0,5261.85,01-Oct-2026,5261.85,4,0,0,0
16,2026-10-05 09:07:21,https://nsearchives.nseindia.com/30d/NIFTY50-VALUE-20.svg,https://nsearchives.nseindia.com/365d/NIFTY50-VALUE-20.svg,https://nsearchives.nseindia.com/today/NIFTY50-VALUE-20.svg,04-Sep-2026,03-Oct-2025,3,1.69,0,NIFTY50 VALUE 20,NIFTY50 VALUE 20,0,STRATEGY INDICES,11189.9,0,11817.4,28-Sep-2026,11189.5,12643.1,0,1.85,13.94,-5.31,-11.49,0.76,11105.25,01-Oct-2026,11105.25,1,84.65,13684.4,11001.15
,2026-10-05 09:07:21,https://nsearchives.nseindia.com/30d/NIFTY50-TR-2X-LEV.svg,https://nsearchives.nseindia.com/365d/NIFTY50-TR-2X-LEV.svg,https://nsearchives.nseindia.com/today/NIFTY50-TR-2X-LEV.svg,04-Sep-2026,03-Oct-2025,,0,0,NIFTY50 TR 2X LEVERAGE,NIFTY50 TR 2X LEV,0,STRATEGY INDICES,15629.05,0,17836,28-Sep-2026,16141.15,20194.75,0,0,0,-12.37,-22.61,-1.76,15629.05,01-Oct-2026,15629.05,,0,22435.45,15341.65
,2026-10-05 09:07:21,https://nsearchives.nseindia.com/30d/NIFTY50-PR-2X-LEV.svg,https://nsearchives.nseindia.com/365d/NIFTY50-PR-2X-LEV.svg,https://nsearchives.nseindia.com/today/NIFTY50-PR-2X-LEV.svg,04-Sep-2026,03-Oct-2025,,0,0,NIFTY50 PR 2X LEVERAGE,NIFTY50 PR 2X LEV,0,STRATEGY INDICES,10251.05,0,11698.6,28-Sep-2026,10586.95,13535.95,0,0,0,-12.37,-24.27,-1.76,10251.05,01-Oct-2026,10251.05,,0,14993.4,10062.55
,2026-10-05 09:07:21,https://nsearchives.nseindia.com/30d/NIFTY50-TR-1X-INV.svg,https://nsearchives.nseindia.com/365d/NIFTY50-TR-1X-INV.svg,https://nsearchives.nseindia.com/today/NIFTY50-TR-1X-INV.svg,04-Sep-2026,03-Oct-2025,,0,0,NIFTY50 TR 1X INVERSE,NIFTY50 TR 1X INV,0,STRATEGY INDICES,193.1,0,180.75,28-Sep-2026,190,170.05,0,0,0,6.83,13.55,0.89,193.1,01-Oct-2026,193.1,,0,194.85,161.8
,2026-10-05 09:07:21,https://nsearchives.nseindia.com/30d/NIFTY50-PR-1X-INV.svg,https://nsearchives.nseindia.com/365d/NIFTY50-PR-1X-INV.svg,https://nsearchives.nseindia.com/today/NIFTY50-PR-1X-INV.svg,04-Sep-2026,03-Oct-2025,,0,0,NIFTY50 PR 1X INVERSE,NIFTY50 PR 1X INV,0,STRATEGY INDICES,238.05,0,222.8,28-Sep-2026,234.25,207.55,0,0,0,6.84,14.7,0.88,238.05,01-Oct-2026,238.05,,0,240.2,197.8
,2026-10-05 09:07:21,https://nsearchives.nseindia.com/30d/NIFTY50-DIV-POINT.svg,https://nsearchives.nseindia.com/365d/NIFTY50-DIV-POINT.svg,https://nsearchives.nseindia.com/today/NIFTY50-DIV-POINT.svg,04-Sep-2026,03-Oct-2025,,0,196.79,NIFTY50 DIVIDEND POINTS,NIFTY50 DIV POINT,0,STRATEGY INDICES,196.79,196.79,196.79,28-Sep-2026,196.79,210.91,196.79,0,0,0,-6.69,0,196.79,01-Oct-2026,196.79,,0,0,0
40,2026-10-05 09:07:21,https://nsearchives.nseindia.com/30d/NIFTY-ALPHA-50.svg,https://nsearchives.nseindia.com/365d/NIFTY-ALPHA-50.svg,https://nsearchives.nseindia.com/today/NIFTY-ALPHA-50.svg,04-Sep-2026,03-Oct-2025,6,0.4,0,NIFTY ALPHA 50,NIFTY ALPHA 50,0,STRATEGY INDICES,53855.85,0,56408.3,28-Sep-2026,53779,49642.1,0,5.55,27.44,-4.52,8.49,0,53855.85,01-Oct-2026,53855.85,4,0,0,0
29,2026-10-05 09:07:21,https://nsearchives.nseindia.com/30d/NIFTY50-EQL-WGT.svg,https://nsearchives.nseindia.com/365d/NIFTY50-EQL-WGT.svg,https://nsearchives.nseindia.com/today/NIFTY50-EQL-WGT.svg,04-Sep-2026,03-Oct-2025,14,1.25,0,NIFTY50 EQUAL WEIGHT,NIFTY50 EQL WGT,0,STRATEGY INDICES,30532.4,0,32587.2,28-Sep-2026,31241,31921.1,0,3.17,22.97,-6.31,-4.35,0,30532.4,01-Oct-2026,30532.4,7,0,0,0
63,2026-10-05 09:07:21,https://nsearchives.nseindia.com/30d/NIFTY100-EQL-WGT.svg,https://nsearchives.nseindia.com/365d/NIFTY100-EQL-WGT.svg,https://nsearchives.nseindia.com/today/NIFTY100-EQL-WGT.svg,04-Sep-2026,03-Oct-2025,26,1.18,0,NIFTY100 EQUAL WEIGHT,NIFTY100 EQL WGT,0,STRATEGY INDICES,32490.75,0,34602.75,28-Sep-2026,33174.2,33141.25,0,3.07,19.11,-6.1,-1.96,0,32490.75,01-Oct-2026,32490.75,11,0,0,0
14,2026-10-05 09:07:21,https://nsearchives.nseindia.com/30d/NIFTY100-LOWVOL30.svg,https://nsearchives.nseindia.com/365d/NIFTY100-LOWVOL30.svg,https://nsearchives.nseindia.com/today/NIFTY100-LOWVOL30.svg,04-Sep-2026,03-Oct-2025,13,1.28,0,NIFTY100 LOW VOLATILITY 30,NIFTY100 LOWVOL30,0,STRATEGY INDICES,18587.95,0,19913.55,28-Sep-2026,19025.05,20065.4,0,3.56,23.46,-6.66,-7.36,0,18587.95,01-Oct-2026,18587.95,3,0,0,0
21,2026-10-05 09:07:21,https://nsearchives.nseindia.com/30d/NIFTY200-QUALTY30.svg,https://nsearchives.nseindia.com/365d/NIFTY200-QUALTY30.svg,https://nsearchives.nseindia.com/today/NIFTY200-QUALTY30.svg,04-Sep-2026,03-Oct-2025,5,1.87,0,NIFTY200 QUALITY 30,NIFTY200 QUALTY30,0,STRATEGY INDICES,18803.9,0,20220.5,28-Sep-2026,19245.55,20565.75,0,7.87,25.47,-7.01,-8.57,0,18803.9,01-Oct-2026,18803.9,4,0,0,0
13,2026-10-05 09:07:21,https://nsearchives.nseindia.com/30d/NIFTY-ALPHALOWVOL.svg,https://nsearchives.nseindia.com/365d/NIFTY-ALPHALOWVOL.svg,https://nsearchives.nseindia.com/today/NIFTY-ALPHALOWVOL.svg,04-Sep-2026,03-Oct-2025,12,1.03,0,NIFTY ALPHA LOW-VOLATILITY 30,NIFTY ALPHALOWVOL,0,STRATEGY INDICES,24935.1,0,26640.75,28-Sep-2026,25672.35,26219,0,3.78,23.97,-6.4,-4.9,0,24935.1,01-Oct-2026,24935.1,5,0,0,0
22,2026-10-05 09:07:21,https://nsearchives.nseindia.com/30d/NIFTY200MOMENTM30.svg,https://nsearchives.nseindia.com/365d/NIFTY200MOMENTM30.svg,https://nsearchives.nseindia.com/today/NIFTY200MOMENTM30.svg,04-Sep-2026,03-Oct-2025,6,0.87,0,NIFTY200 MOMENTUM 30,NIFTY200MOMENTM30,0,STRATEGY INDICES,29216.2,0,30718.25,28-Sep-2026,29614.15,30238.5,0,4.24,22.97,-4.89,-3.38,0,29216.2,01-Oct-2026,29216.2,2,0,0,0
39,2026-10-05 09:07:21,https://nsearchives.nseindia.com/30d/NIFTY-M150-QLTY50.svg,https://nsearchives.nseindia.com/365d/NIFTY-M150-QLTY50.svg,https://nsearchives.nseindia.com/today/NIFTY-M150-QLTY50.svg,04-Sep-2026,03-Oct-2025,4,1.05,0,NIFTY MIDCAP150 QUALITY 50,NIFTY M150 QLTY50,0,STRATEGY INDICES,22638.65,0,24191.9,28-Sep-2026,23212,24111.5,0,6.4,29.48,-6.42,-6.11,0,22638.65,01-Oct-2026,22638.65,7,0,0,0
23,2026-10-05 09:07:21,https://nsearchives.nseindia.com/30d/NIFTY200-ALPHA-30.svg,https://nsearchives.nseindia.com/365d/NIFTY200-ALPHA-30.svg,https://nsearchives.nseindia.com/today/NIFTY200-ALPHA-30.svg,04-Sep-2026,03-Oct-2025,5,0.72,0,NIFTY200 ALPHA 30,NIFTY200 ALPHA 30,0,STRATEGY INDICES,25108.6,0,26626.05,28-Sep-2026,25441.45,24431.45,0,3.94,17.72,-5.7,2.77,0,25108.6,01-Oct-2026,25108.6,2,0,0,0
34,2026-10-05 09:07:21,https://nsearchives.nseindia.com/30d/NIFTYM150MOMNTM50.svg,https://nsearchives.nseindia.com/365d/NIFTYM150MOMNTM50.svg,https://nsearchives.nseindia.com/today/NIFTYM150MOMNTM50.svg,04-Sep-2026,03-Oct-2025,8,0.51,0,NIFTY MIDCAP150 MOMENTUM 50,NIFTYM150MOMNTM50,0,STRATEGY INDICES,60292.35,0,63611.25,28-Sep-2026,61273.8,59860.85,0,4.82,25.71,-5.22,0.72,0,60292.35,01-Oct-2026,60292.35,8,0,0,0
38,2026-10-05 09:07:21,https://nsearchives.nseindia.com/30d/NIFTY500MOMENTM50.svg,https://nsearchives.nseindia.com/365d/NIFTY500MOMENTM50.svg,https://nsearchives.nseindia.com/today/NIFTY500MOMENTM50.svg,04-Sep-2026,03-Oct-2025,7,0.51,0,NIFTY500 MOMENTUM 50,NIFTY500MOMENTM50,0,STRATEGY INDICES,52578.5,0,54778.7,28-Sep-2026,52976.35,51400.05,0,5.77,29.2,-4.02,2.29,0,52578.5,01-Oct-2026,52578.5,5,0,0,0
76,2026-10-05 09:07:21,https://nsearchives.nseindia.com/30d/NIFTYMS400-MQ-100.svg,https://nsearchives.nseindia.com/365d/NIFTYMS400-MQ-100.svg,https://nsearchives.nseindia.com/today/NIFTYMS400-MQ-100.svg,04-Sep-2026,03-Oct-2025,12,0.66,0,NIFTY MIDSMALLCAP400 MOMENTUM QUALITY 100,NIFTYMS400 MQ 100,0,STRATEGY INDICES,49153.65,0,51529.6,28-Sep-2026,50010.6,47708,0,5.76,28.93,-4.61,3.03,0,49153.65,01-Oct-2026,49153.65,12,0,0,0
77,2026-10-05 09:07:21,https://nsearchives.nseindia.com/30d/NIFTYSML250MQ-100.svg,https://nsearchives.nseindia.com/365d/NIFTYSML250MQ-100.svg,https://nsearchives.nseindia.com/today/NIFTYSML250MQ-100.svg,04-Sep-2026,03-Oct-2025,15,0.65,0,NIFTY SMALLCAP250 MOMENTUM QUALITY 100,NIFTYSML250MQ 100,0,STRATEGY INDICES,47377.4,0,49171.75,28-Sep-2026,47806.3,45366.7,0,4.28,26.31,-3.65,4.43,0,47377.4,01-Oct-2026,47377.4,8,0,0,0
6,2026-10-05 09:07:21,https://nsearchives.nseindia.com/30d/NIFTY-TOP-10-EW.svg,https://nsearchives.nseindia.com/365d/NIFTY-TOP-10-EW.svg,https://nsearchives.nseindia.com/today/NIFTY-TOP-10-EW.svg,04-Sep-2026,03-Oct-2025,3,1,0,NIFTY TOP 10 EQUAL WEIGHT,NIFTY TOP 10 EW,0,STRATEGY INDICES,8054.9,0,8593.3,28-Sep-2026,8084.05,9384.8,0,2.42,15.98,-6.27,-14.17,0,8054.9,01-Oct-2026,8054.9,1,0,0,0
16,2026-10-05 09:07:21,https://nsearchives.nseindia.com/30d/NIFTY-AQL-30.svg,https://nsearchives.nseindia.com/365d/NIFTY-AQL-30.svg,https://nsearchives.nseindia.com/today/NIFTY-AQL-30.svg,04-Sep-2026,03-Oct-2025,11,1.37,0,NIFTY ALPHA QUALITY LOW-VOLATILITY 30,NIFTY AQL 30,0,STRATEGY INDICES,21292,0,22391.05,28-Sep-2026,21883.95,22396,0,5.93,27.52,-4.91,-4.93,0,21292,01-Oct-2026,21292,3,0,0,0
20,2026-10-05 09:07:21,https://nsearchives.nseindia.com/30d/NIFTY-AQLV-30.svg,https://nsearchives.nseindia.com/365d/NIFTY-AQLV-30.svg,https://nsearchives.nseindia.com/today/NIFTY-AQLV-30.svg,04-Sep-2026,03-Oct-2025,8,1.73,0,NIFTY ALPHA QUALITY VALUE LOW-VOLATILITY 30,NIFTY AQLV 30,0,STRATEGY INDICES,18721.05,0,19838.35,28-Sep-2026,19275.25,20701.1,0,2.63,15.48,-5.63,-9.56,0,18721.05,01-Oct-2026,18721.05,2,0,0,0
36,2026-10-05 09:07:21,https://nsearchives.nseindia.com/30d/NIFTY-HIGHBETA-50.svg,https://nsearchives.nseindia.com/365d/NIFTY-HIGHBETA-50.svg,https://nsearchives.nseindia.com/today/NIFTY-HIGHBETA-50.svg,04-Sep-2026,03-Oct-2025,10,0.76,0,NIFTY HIGH BETA 50,NIFTY HIGHBETA 50,0,STRATEGY INDICES,4116.45,0,4450.6,28-Sep-2026,4197.8,3797.2,0,3.01,22.53,-7.51,8.41,0,4116.45,01-Oct-2026,4116.45,4,0,0,0
27,2026-10-05 09:07:21,https://nsearchives.nseindia.com/30d/NIFTY-LOW-VOL-50.svg,https://nsearchives.nseindia.com/365d/NIFTY-LOW-VOL-50.svg,https://nsearchives.nseindia.com/today/NIFTY-LOW-VOL-50.svg,04-Sep-2026,03-Oct-2025,18,1.35,0,NIFTY LOW VOLATILITY 50,NIFTY LOW VOL 50,0,STRATEGY INDICES,22880.65,0,24256.6,28-Sep-2026,23439.25,24857.25,0,3.49,22.41,-5.67,-7.95,0,22880.65,01-Oct-2026,22880.65,5,0,0,0
18,2026-10-05 09:07:21,https://nsearchives.nseindia.com/30d/NIFTY-QLTY-LV-30.svg,https://nsearchives.nseindia.com/365d/NIFTY-QLTY-LV-30.svg,https://nsearchives.nseindia.com/today/NIFTY-QLTY-LV-30.svg,04-Sep-2026,03-Oct-2025,10,1.6,0,NIFTY QUALITY LOW-VOLATILITY 30,NIFTY QLTY LV 30,0,STRATEGY INDICES,15540.9,0,16342.9,28-Sep-2026,15915.25,17144.45,0,5.05,25.3,-4.91,-9.35,0,15540.9,01-Oct-2026,15540.9,2,0,0,0
34,2026-10-05 09:07:21,https://nsearchives.nseindia.com/30d/NIFTY-SML250-Q50.svg,https://nsearchives.nseindia.com/365d/NIFTY-SML250-Q50.svg,https://nsearchives.nseindia.com/today/NIFTY-SML250-Q50.svg,04-Sep-2026,03-Oct-2025,8,1.11,0,NIFTY SMALLCAP250 QUALITY 50,NIFTY SML250 Q50,0,STRATEGY INDICES,24260.25,0,25390.3,28-Sep-2026,24546.6,26191.4,0,4.39,23.75,-4.45,-7.37,0,24260.25,01-Oct-2026,24260.25,8,0,0,0
10,2026-10-05 09:07:21,https://nsearchives.nseindia.com/30d/NIFTY-TOP-15-EW.svg,https://nsearchives.nseindia.com/365d/NIFTY-TOP-15-EW.svg,https://nsearchives.nseindia.com/today/NIFTY-TOP-15-EW.svg,04-Sep-2026,03-Oct-2025,4,1.38,0,NIFTY TOP 15 EQUAL WEIGHT,NIFTY TOP 15 EW,0,STRATEGY INDICES,9003.7,0,9672,28-Sep-2026,9112.3,10433.75,0,2.89,17.62,-6.91,-13.71,0,9003.7,01-Oct-2026,9003.7,1,0,0,0
22,2026-10-05 09:07:21,https://nsearchives.nseindia.com/30d/NIFTY100-ALPHA-30.svg,https://nsearchives.nseindia.com/365d/NIFTY100-ALPHA-30.svg,https://nsearchives.nseindia.com/today/NIFTY100-ALPHA-30.svg,04-Sep-2026,03-Oct-2025,5,0.77,0,NIFTY100 ALPHA 30,NIFTY100 ALPHA 30,0,STRATEGY INDICES,16866.5,0,17952.6,28-Sep-2026,17181,18131.75,0,4.06,17.25,-6.05,-6.98,0,16866.5,01-Oct-2026,16866.5,3,0,0,0
23,2026-10-05 09:07:21,https://nsearchives.nseindia.com/30d/NIFTY200-VALUE-30.svg,https://nsearchives.nseindia.com/365d/NIFTY200-VALUE-30.svg,https://nsearchives.nseindia.com/today/NIFTY200-VALUE-30.svg,04-Sep-2026,03-Oct-2025,4,2.26,0,NIFTY200 VALUE 30,NIFTY200 VALUE 30,0,STRATEGY INDICES,13867.35,0,14821.9,28-Sep-2026,14200.75,13444.7,0,1.19,8.71,-6.44,3.14,0,13867.35,01-Oct-2026,13867.35,3,0,0,0
343,2026-10-05 09:07:21,https://nsearchives.nseindia.com/30d/NIFTY500-EW.svg,https://nsearchives.nseindia.com/365d/NIFTY500-EW.svg,https://nsearchives.nseindia.com/today/NIFTY500-EW.svg,04-Sep-2026,03-Oct-2025,84,0.79,0,NIFTY500 EQUAL WEIGHT,NIFTY500 EW,0,STRATEGY INDICES,14140.6,0,15024.9,28-Sep-2026,14437.7,14347.05,0,3.24,26.63,-5.89,-1.44,0,14140.6,01-Oct-2026,14140.6,74,0,0,0
38,2026-10-05 09:07:21,https://nsearchives.nseindia.com/30d/NIFTY-MULTI-MQ-50.svg,https://nsearchives.nseindia.com/365d/NIFTY-MULTI-MQ-50.svg,https://nsearchives.nseindia.com/today/NIFTY-MULTI-MQ-50.svg,04-Sep-2026,03-Oct-2025,7,1.02,0,NIFTY500 MULTICAP MOMENTUM QUALITY 50,NIFTY MULTI MQ 50,0,STRATEGY INDICES,39683.85,0,41586.05,28-Sep-2026,40108.85,41061.3,0,6.98,28.81,-4.57,-3.35,0,39683.85,01-Oct-2026,39683.85,5,0,0,0
36,2026-10-05 09:07:21,https://nsearchives.nseindia.com/30d/NIFTY500-VALUE-50.svg,https://nsearchives.nseindia.com/365d/NIFTY500-VALUE-50.svg,https://nsearchives.nseindia.com/today/NIFTY500-VALUE-50.svg,04-Sep-2026,03-Oct-2025,5,2.18,0,NIFTY500 VALUE 50,NIFTY500 VALUE 50,0,STRATEGY INDICES,14984.2,0,15997,28-Sep-2026,15341.5,14632.45,0,1.24,9.76,-6.33,2.4,0,14984.2,01-Oct-2026,14984.2,9,0,0,0
13,2026-10-05 09:07:21,https://nsearchives.nseindia.com/30d/NIFTY-TOP-20-EW.svg,https://nsearchives.nseindia.com/365d/NIFTY-TOP-20-EW.svg,https://nsearchives.nseindia.com/today/NIFTY-TOP-20-EW.svg,04-Sep-2026,03-Oct-2025,6,1.48,0,NIFTY TOP 20 EQUAL WEIGHT,NIFTY TOP 20 EW,0,STRATEGY INDICES,8216,0,8782.05,28-Sep-2026,8361.8,9186.75,0,3.09,19.17,-6.45,-10.57,0,8216,01-Oct-2026,8216,1,0,0,0
39,2026-10-05 09:07:21,https://nsearchives.nseindia.com/30d/NIFTY500-QLTY50.svg,https://nsearchives.nseindia.com/365d/NIFTY500-QLTY50.svg,https://nsearchives.nseindia.com/today/NIFTY500-QLTY50.svg,04-Sep-2026,03-Oct-2025,3,1.52,0,NIFTY500 QUALITY 50,NIFTY500 QLTY50,0,STRATEGY INDICES,18159.05,0,19624.6,28-Sep-2026,18508.6,19015.1,0,7.56,24.36,-7.47,-4.5,0,18159.05,01-Oct-2026,18159.05,8,0,0,0
30,2026-10-05 09:07:21,https://nsearchives.nseindia.com/30d/NIFTY500-LOWVOL50.svg,https://nsearchives.nseindia.com/365d/NIFTY500-LOWVOL50.svg,https://nsearchives.nseindia.com/today/NIFTY500-LOWVOL50.svg,04-Sep-2026,03-Oct-2025,15,1.68,0,NIFTY500 LOW VOLATILITY 50,NIFTY500 LOWVOL50,0,STRATEGY INDICES,20717.95,0,21903.55,28-Sep-2026,21282.8,22142.95,0,3.38,20.49,-5.41,-6.44,0,20717.95,01-Oct-2026,20717.95,5,0,0,0
29,2026-10-05 09:07:21,https://nsearchives.nseindia.com/30d/NIFTY500-MQVLV50.svg,https://nsearchives.nseindia.com/365d/NIFTY500-MQVLV50.svg,https://nsearchives.nseindia.com/today/NIFTY500-MQVLV50.svg,04-Sep-2026,03-Oct-2025,12,1.74,0,NIFTY500 MULTIFACTOR MQVLV 50,NIFTY500 MQVLV50,0,STRATEGY INDICES,28696.5,0,30322.9,28-Sep-2026,29451.95,31364.85,0,2.15,13.18,-5.36,-8.51,0,28696.5,01-Oct-2026,28696.5,9,0,0,0
,2026-10-05 09:07:21,https://nsearchives.nseindia.com/30d/NIFTY50-USD.svg,,https://nsearchives.nseindia.com/today/NIFTY50-USD.svg,04-Sep-2026,,,0,8119.3,NIFTY50 USD,NIFTY50 USD,0,STRATEGY INDICES,8112.95,7839.85,8762.85,28-Sep-2026,8223.16,0,8068.2,0,0,-7.42,-16.49,0.55,8068.18,01-Oct-2026,8068.18,,44.77,0,0
20,2026-10-05 09:07:21,https://nsearchives.nseindia.com/30d/NIFTY500-FLEXICAP.svg,,https://nsearchives.nseindia.com/today/NIFTY500-FLEXICAP.svg,04-Sep-2026,,7,1.3,0,NIFTY500 FLEXICAP QUALITY 30,NIFTY500 FLEXICAP,0,STRATEGY INDICES,9278.2,0,9964.55,28-Sep-2026,9496.4,0,0,6.14,30.5,-6.89,0,0,9278.2,01-Oct-2026,9278.2,3,0,0,0
40,2026-10-05 09:07:21,https://nsearchives.nseindia.com/30d/NIFTY-TMMQ-50.svg,,https://nsearchives.nseindia.com/today/NIFTY-TMMQ-50.svg,04-Sep-2026,,5,0.96,0,NIFTY TOTAL MARKET MOMENTUM QUALITY 50,NIFTY TMMQ 50,0,STRATEGY INDICES,42352.85,0,44285.55,28-Sep-2026,42625.05,0,0,8.68,34.28,-4.36,0,0,42352.85,01-Oct-2026,42352.85,5,0,0,0
17,2026-10-05 09:07:21,https://nsearchives.nseindia.com/30d/NIFTY-COMMODITIES.svg,https://nsearchives.nseindia.com/365d/NIFTY-COMMODITIES.svg,https://nsearchives.nseindia.com/today/NIFTY-COMMODITIES.svg,04-Sep-2026,03-Oct-2025,7,1.54,0,NIFTY COMMODITIES,NIFTY COMMODITIES,0,THEMATIC INDICES,9166.65,0,9803.85,28-Sep-2026,9366.4,9080.95,0,1.89,14.6,-6.5,0.94,0.4,9130.25,01-Oct-2026,9130.25,6,36.4,10569.65,8928.45
11,2026-10-05 09:07:21,https://nsearchives.nseindia.com/30d/NIFTY-CONSUMPTION.svg,https://nsearchives.nseindia.com/365d/NIFTY-CONSUMPTION.svg,https://nsearchives.nseindia.com/today/NIFTY-CONSUMPTION.svg,04-Sep-2026,03-Oct-2025,14,0.85,0,NIFTY INDIA CONSUMPTION,NIFTY CONSUMPTION,0,THEMATIC INDICES,10848.4,0,11597.7,28-Sep-2026,11270.1,12144,0,6.52,36.41,-6.46,-10.67,-0.13,10862.95,01-Oct-2026,10862.95,5,-14.55,12716.2,10298.5
8,2026-10-05 09:07:21,https://nsearchives.nseindia.com/30d/NIFTY-CPSE.svg,https://nsearchives.nseindia.com/365d/NIFTY-CPSE.svg,https://nsearchives.nseindia.com/today/NIFTY-CPSE.svg,04-Sep-2026,03-Oct-2025,0,2.99,0,NIFTY CPSE,NIFTY CPSE,0,THEMATIC INDICES,6148,0,6419.8,28-Sep-2026,6247.7,6550.05,0,1.78,11.81,-4.23,-6.14,0.46,6120.1,01-Oct-2026,6120.1,3,27.9,7593.35,6061.6
26,2026-10-05 09:07:21,https://nsearchives.nseindia.com/30d/NIFTY-ENERGY.svg,https://nsearchives.nseindia.com/365d/NIFTY-ENERGY.svg,https://nsearchives.nseindia.com/today/NIFTY-ENERGY.svg,04-Sep-2026,03-Oct-2025,4,1.9,0,NIFTY ENERGY,NIFTY ENERGY,0,THEMATIC INDICES,36558.5,0,38067.85,28-Sep-2026,36693.2,35375.9,0,2,14.41,-3.96,3.34,0.47,36388.15,01-Oct-2026,36388.15,10,170.35,41828.55,32890.3
16,2026-10-05 09:07:21,https://nsearchives.nseindia.com/30d/NIFTY-INFRA.svg,https://nsearchives.nseindia.com/365d/NIFTY-INFRA.svg,https://nsearchives.nseindia.com/today/NIFTY-INFRA.svg,04-Sep-2026,03-Oct-2025,10,1.01,0,NIFTY INFRASTRUCTURE,NIFTY INFRA,0,THEMATIC INDICES,8617.15,0,9197.8,28-Sep-2026,8782.5,9072.85,0,2.56,21.52,-6.31,-5.02,0.14,8605.15,01-Oct-2026,8605.15,4,12,9792.6,8426.65
10,2026-10-05 09:07:21,https://nsearchives.nseindia.com/30d/NIFTY100-LIQ-15.svg,https://nsearchives.nseindia.com/365d/NIFTY100-LIQ-15.svg,https://nsearchives.nseindia.com/today/NIFTY100-LIQ-15.svg,04-Sep-2026,03-Oct-2025,1,1.34,0,NIFTY100 LIQUID 15,NIFTY100 LIQ 15,0,THEMATIC INDICES,7092,0,7500.8,28-Sep-2026,7109,7199.8,0,2.9,20.5,-5.45,-1.5,0.78,7037.25,01-Oct-2026,7037.25,4,54.75,7785.85,6565.7
11,2026-10-05 09:07:21,https://nsearchives.nseindia.com/30d/NIFTY-MID-LIQ-15.svg,https://nsearchives.nseindia.com/365d/NIFTY-MID-LIQ-15.svg,https://nsearchives.nseindia.com/today/NIFTY-MID-LIQ-15.svg,04-Sep-2026,03-Oct-2025,1,0.59,0,NIFTY MIDCAP LIQUID 15,NIFTY MID LIQ 15,0,THEMATIC INDICES,16118.15,0,17338.65,28-Sep-2026,16294.7,14979.7,0,4.21,40.93,-7.04,7.6,0.5,16038.55,01-Oct-2026,16038.55,3,79.6,17721.85,13702.75
18,2026-10-05 09:07:21,https://nsearchives.nseindia.com/30d/NIFTY-MNC.svg,https://nsearchives.nseindia.com/365d/NIFTY-MNC.svg,https://nsearchives.nseindia.com/today/NIFTY-MNC.svg,04-Sep-2026,03-Oct-2025,9,1.42,0,NIFTY MNC,NIFTY MNC,0,THEMATIC INDICES,30040.15,0,32110.95,28-Sep-2026,30832.8,29985.05,0,6.95,34.57,-6.45,0.18,0.23,29972.45,01-Oct-2026,29972.45,3,67.7,34028,27597.2
11,2026-10-05 09:07:21,https://nsearchives.nseindia.com/30d/NIFTY-PSE.svg,https://nsearchives.nseindia.com/365d/NIFTY-PSE.svg,https://nsearchives.nseindia.com/today/NIFTY-PSE.svg,04-Sep-2026,03-Oct-2025,3,2.81,0,NIFTY PSE,NIFTY PSE,0,THEMATIC INDICES,9247.55,0,9710.15,28-Sep-2026,9390.3,9927.6,0,1.62,10.37,-4.76,-6.85,0.42,9208.65,01-Oct-2026,9208.65,6,38.9,10839.05,9120
22,2026-10-05 09:07:21,https://nsearchives.nseindia.com/30d/NIFTY-SERV-SECTOR.svg,https://nsearchives.nseindia.com/365d/NIFTY-SERV-SECTOR.svg,https://nsearchives.nseindia.com/today/NIFTY-SERV-SECTOR.svg,04-Sep-2026,03-Oct-2025,5,1.63,0,NIFTY SERVICES SECTOR,NIFTY SERV SECTOR,0,THEMATIC INDICES,29169.15,0,30575.55,28-Sep-2026,29193.7,32244.45,0,3.39,20.36,-4.6,-9.54,0.73,28957.9,01-Oct-2026,28957.9,3,211.25,34549.75,28232.65
39,2026-10-05 09:07:21,https://nsearchives.nseindia.com/30d/NIFTY100ESGSECLDR.svg,https://nsearchives.nseindia.com/365d/NIFTY100ESGSECLDR.svg,https://nsearchives.nseindia.com/today/NIFTY100ESGSECLDR.svg,04-Sep-2026,03-Oct-2025,17,1.2,0,NIFTY100 ESG SECTOR LEADERS,NIFTY100ESGSECLDR,0,THEMATIC INDICES,3750.55,0,4005.8,28-Sep-2026,3812.9,4158.4,0,2.83,19.67,-6.37,-9.81,0,3750.55,01-Oct-2026,3750.55,4,0,0,0
40,2026-10-05 09:07:21,https://nsearchives.nseindia.com/30d/NIFTY-IND-DIGITAL.svg,https://nsearchives.nseindia.com/365d/NIFTY-IND-DIGITAL.svg,https://nsearchives.nseindia.com/today/NIFTY-IND-DIGITAL.svg,04-Sep-2026,03-Oct-2025,5,1.52,0,NIFTY INDIA DIGITAL,NIFTY IND DIGITAL,0,THEMATIC INDICES,8099.7,0,8761.45,28-Sep-2026,8135.15,8817.65,0,5.95,27.02,-7.55,-8.14,0.99,8020.55,01-Oct-2026,8020.55,5,79.15,9723.25,7233.65
50,2026-10-05 09:07:21,https://nsearchives.nseindia.com/30d/NIFTY100-ESG.svg,https://nsearchives.nseindia.com/365d/NIFTY100-ESG.svg,https://nsearchives.nseindia.com/today/NIFTY100-ESG.svg,04-Sep-2026,03-Oct-2025,22,1.29,0,NIFTY100 ESG,NIFTY100 ESG,0,THEMATIC INDICES,4645.6,0,4954.35,28-Sep-2026,4727.45,4933.95,0,3.21,19.74,-6.23,-5.84,0,4645.6,01-Oct-2026,4645.6,7,0,0,0
49,2026-10-05 09:07:21,https://nsearchives.nseindia.com/30d/NIFTY-INDIA-MFG.svg,https://nsearchives.nseindia.com/365d/NIFTY-INDIA-MFG.svg,https://nsearchives.nseindia.com/today/NIFTY-INDIA-MFG.svg,04-Sep-2026,03-Oct-2025,19,0.91,0,NIFTY INDIA MANUFACTURING,NIFTY INDIA MFG,0,THEMATIC INDICES,15195.9,0,16221.4,28-Sep-2026,15641.05,14954.4,0,3.84,26.8,-6.32,1.61,0,15195.9,01-Oct-2026,15195.9,9,0,0,0
4,2026-10-05 09:07:21,https://nsearchives.nseindia.com/30d/NIFTY-TATA-25-CAP.svg,https://nsearchives.nseindia.com/365d/NIFTY-TATA-25-CAP.svg,https://nsearchives.nseindia.com/today/NIFTY-TATA-25-CAP.svg,04-Sep-2026,03-Oct-2025,5,1.86,0,NIFTY INDIA CORPORATE GROUP INDEX - TATA GROUP 25% CAP,NIFTY TATA 25 CAP,0,THEMATIC INDICES,13280.8,0,14367,28-Sep-2026,13575.1,14694.6,0,4.19,31.18,-7.56,-9.62,0.62,13198.6,01-Oct-2026,13198.6,1,82.2,15588.85,13045.5
46,2026-10-05 09:07:21,https://nsearchives.nseindia.com/30d/NIFTY-MULTI-MFG.svg,https://nsearchives.nseindia.com/365d/NIFTY-MULTI-MFG.svg,https://nsearchives.nseindia.com/today/NIFTY-MULTI-MFG.svg,04-Sep-2026,03-Oct-2025,12,0.79,0,NIFTY500 MULTICAP INDIA MANUFACTURING 50:30:20,NIFTY MULTI MFG,0,THEMATIC INDICES,15763.75,0,16769.35,28-Sep-2026,16203.05,15560.8,0,3.45,28.37,-6,1.3,0.14,15741.55,01-Oct-2026,15741.55,17,22.2,17180.3,14148.2
45,2026-10-05 09:07:21,https://nsearchives.nseindia.com/30d/NIFTY-MULTI-INFRA.svg,https://nsearchives.nseindia.com/365d/NIFTY-MULTI-INFRA.svg,https://nsearchives.nseindia.com/today/NIFTY-MULTI-INFRA.svg,04-Sep-2026,03-Oct-2025,17,0.86,0,NIFTY500 MULTICAP INFRASTRUCTURE 50:30:20,NIFTY MULTI INFRA,0,THEMATIC INDICES,13592.5,0,14453.25,28-Sep-2026,13778.2,13972.45,0,2.98,25.19,-5.96,-2.72,0.22,13562.6,01-Oct-2026,13562.6,13,29.9,14885.8,12542.85
16,2026-10-05 09:07:21,https://nsearchives.nseindia.com/30d/NIFTY-IND-DEFENCE.svg,https://nsearchives.nseindia.com/365d/NIFTY-IND-DEFENCE.svg,https://nsearchives.nseindia.com/today/NIFTY-IND-DEFENCE.svg,04-Sep-2026,03-Oct-2025,1,0.51,0,NIFTY INDIA DEFENCE,NIFTY IND DEFENCE,0,THEMATIC INDICES,9165.55,0,9708.85,28-Sep-2026,9231.2,8133.65,0,10.82,56.96,-5.6,12.69,0.25,9142.55,01-Oct-2026,9142.55,5,23,10067.2,7184.9
4,2026-10-05 09:07:21,https://nsearchives.nseindia.com/30d/NIFTY-IND-TOURISM.svg,https://nsearchives.nseindia.com/365d/NIFTY-IND-TOURISM.svg,https://nsearchives.nseindia.com/today/NIFTY-IND-TOURISM.svg,04-Sep-2026,03-Oct-2025,5,0.37,0,NIFTY INDIA TOURISM,NIFTY IND TOURISM,0,THEMATIC INDICES,7570.8,0,7816.3,28-Sep-2026,7639.95,8920.75,0,8.92,86.33,-3.14,-15.13,-0.13,7580.8,01-Oct-2026,7580.8,2,-10,9091.1,6502.65
12,2026-10-05 09:07:21,https://nsearchives.nseindia.com/30d/NIFTY-CAPITAL-MKT.svg,https://nsearchives.nseindia.com/365d/NIFTY-CAPITAL-MKT.svg,https://nsearchives.nseindia.com/today/NIFTY-CAPITAL-MKT.svg,04-Sep-2026,03-Oct-2025,0,0.68,0,NIFTY CAPITAL MARKETS,NIFTY CAPITAL MKT,0,THEMATIC INDICES,5057.3,0,5419.35,28-Sep-2026,5141.1,4246.25,0,10.71,41.82,-6.68,19.1,0.31,5041.8,01-Oct-2026,5041.8,5,15.5,5697.1,4199.7
23,2026-10-05 09:07:21,https://nsearchives.nseindia.com/30d/NIFTY-EV.svg,https://nsearchives.nseindia.com/365d/NIFTY-EV.svg,https://nsearchives.nseindia.com/today/NIFTY-EV.svg,04-Sep-2026,03-Oct-2025,7,0.85,0,NIFTY EV & NEW AGE AUTOMOTIVE,NIFTY EV,0,THEMATIC INDICES,2978.4,0,3217.05,28-Sep-2026,3073.95,3103.3,0,4.27,39.88,-7.42,-4.02,0,2978.4,01-Oct-2026,2978.4,7,0,0,0
43,2026-10-05 09:07:21,https://nsearchives.nseindia.com/30d/NIFTY-NEW-CONSUMP.svg,https://nsearchives.nseindia.com/365d/NIFTY-NEW-CONSUMP.svg,https://nsearchives.nseindia.com/today/NIFTY-NEW-CONSUMP.svg,04-Sep-2026,03-Oct-2025,16,0.62,0,NIFTY INDIA NEW AGE CONSUMPTION,NIFTY NEW CONSUMP,0,THEMATIC INDICES,11030.9,0,11964.65,28-Sep-2026,11391.3,12007.35,0,5.82,43.33,-7.8,-8.13,0,11030.9,01-Oct-2026,11030.9,16,0,0,0
24,2026-10-05 09:07:21,https://nsearchives.nseindia.com/30d/NIFTY-CORP-MAATR.svg,https://nsearchives.nseindia.com/365d/NIFTY-CORP-MAATR.svg,https://nsearchives.nseindia.com/today/NIFTY-CORP-MAATR.svg,04-Sep-2026,03-Oct-2025,9,0.87,0,NIFTY INDIA SELECT 5 CORPORATE GROUPS (MAATR),NIFTY CORP MAATR,0,THEMATIC INDICES,35598.15,0,38713.55,28-Sep-2026,36501.65,36845.05,0,2.81,22.1,-8.05,-3.38,0,35598.15,01-Oct-2026,35598.15,7,0,0,0
16,2026-10-05 09:07:21,https://nsearchives.nseindia.com/30d/NIFTY-MOBILITY.svg,https://nsearchives.nseindia.com/365d/NIFTY-MOBILITY.svg,https://nsearchives.nseindia.com/today/NIFTY-MOBILITY.svg,04-Sep-2026,03-Oct-2025,8,0.93,0,NIFTY MOBILITY,NIFTY MOBILITY,0,THEMATIC INDICES,21539.5,0,23057.6,28-Sep-2026,22281.15,22573.25,0,3.76,34.33,-6.58,-4.58,0,21539.5,01-Oct-2026,21539.5,6,0,0,0
49,2026-10-05 09:07:21,https://nsearchives.nseindia.com/30d/NIFTY100-ENH-ESG.svg,https://nsearchives.nseindia.com/365d/NIFTY100-ENH-ESG.svg,https://nsearchives.nseindia.com/today/NIFTY100-ENH-ESG.svg,04-Sep-2026,03-Oct-2025,21,1.29,0,NIFTY100 ENHANCED ESG,NIFTY100 ENH ESG,0,THEMATIC INDICES,4675.65,0,4986.95,28-Sep-2026,4758.1,4972.6,0,3.21,19.72,-6.24,-5.97,0,4675.65,01-Oct-2026,4675.65,7,0,0,0
15,2026-10-05 09:07:21,https://nsearchives.nseindia.com/30d/NIFTY-COREHOUSING.svg,https://nsearchives.nseindia.com/365d/NIFTY-COREHOUSING.svg,https://nsearchives.nseindia.com/today/NIFTY-COREHOUSING.svg,04-Sep-2026,03-Oct-2025,10,0.5,0,NIFTY CORE HOUSING,NIFTY COREHOUSING,0,THEMATIC INDICES,14280.45,0,15459.45,28-Sep-2026,14740.65,15761.1,0,3.14,30.21,-7.63,-9.39,-0.11,14295.75,01-Oct-2026,14295.75,5,-15.3,16353.1,12788.2
31,2026-10-05 09:07:21,https://nsearchives.nseindia.com/30d/NIFTY-HOUSING.svg,https://nsearchives.nseindia.com/365d/NIFTY-HOUSING.svg,https://nsearchives.nseindia.com/today/NIFTY-HOUSING.svg,04-Sep-2026,03-Oct-2025,12,0.96,0,NIFTY HOUSING,NIFTY HOUSING,0,THEMATIC INDICES,11134.25,0,11795.05,28-Sep-2026,11296.95,11585,0,2.5,19.35,-5.6,-3.89,0.35,11095.35,01-Oct-2026,11095.35,7,38.9,12244.25,10358.7
70,2026-10-05 09:07:21,https://nsearchives.nseindia.com/30d/NIFTY-IPO.svg,https://nsearchives.nseindia.com/365d/NIFTY-IPO.svg,https://nsearchives.nseindia.com/today/NIFTY-IPO.svg,04-Sep-2026,03-Oct-2025,23,0.1,0,NIFTY IPO,NIFTY IPO,0,THEMATIC INDICES,2414.1,0,2424.3,28-Sep-2026,2393.35,2165.8,0,9.89,101.49,-0.42,11.46,0.88,2393.15,01-Oct-2026,2393.15,7,20.95,2489.85,1774.6
14,2026-10-05 09:07:21,https://nsearchives.nseindia.com/30d/NIFTY-MS-IND-CONS.svg,https://nsearchives.nseindia.com/365d/NIFTY-MS-IND-CONS.svg,https://nsearchives.nseindia.com/today/NIFTY-MS-IND-CONS.svg,04-Sep-2026,03-Oct-2025,8,0.79,0,NIFTY MIDSMALL INDIA CONSUMPTION,NIFTY MS IND CONS,0,THEMATIC INDICES,17536.7,0,18520.35,28-Sep-2026,18003.15,19398.2,0,6.17,48.59,-5.31,-9.6,0.33,17478.5,01-Oct-2026,17478.5,8,58.2,20135.15,15614.35
15,2026-10-05 09:07:21,https://nsearchives.nseindia.com/30d/NIFTY-NONCYC-CONS.svg,https://nsearchives.nseindia.com/365d/NIFTY-NONCYC-CONS.svg,https://nsearchives.nseindia.com/today/NIFTY-NONCYC-CONS.svg,04-Sep-2026,03-Oct-2025,9,0.7,0,NIFTY NON-CYCLICAL CONSUMER,NIFTY NONCYC CONS,0,THEMATIC INDICES,14183.25,0,14963.7,28-Sep-2026,14609.85,16125.4,0,8.98,42.84,-5.22,-12.04,0.07,14173.75,01-Oct-2026,14173.75,6,9.5,16774.2,13311.1
47,2026-10-05 09:07:21,https://nsearchives.nseindia.com/30d/NIFTY-RURAL.svg,https://nsearchives.nseindia.com/365d/NIFTY-RURAL.svg,https://nsearchives.nseindia.com/today/NIFTY-RURAL.svg,04-Sep-2026,03-Oct-2025,18,1.05,0,NIFTY RURAL,NIFTY RURAL,0,THEMATIC INDICES,14037.7,0,15095.4,28-Sep-2026,14417.6,15490.45,0,3.34,21.3,-7.01,-9.38,0.29,13997.1,01-Oct-2026,13997.1,10,40.6,16396.4,13751.35
10,2026-10-05 09:07:21,https://nsearchives.nseindia.com/30d/NIFTY-SHARIAH-25.svg,https://nsearchives.nseindia.com/365d/NIFTY-SHARIAH-25.svg,https://nsearchives.nseindia.com/today/NIFTY-SHARIAH-25.svg,04-Sep-2026,03-Oct-2025,13,1.81,0,NIFTY SHARIAH 25,NIFTY SHARIAH 25,0,THEMATIC INDICES,7373.6,0,7851.85,28-Sep-2026,7545.95,8079.3,0,4.18,24.39,-6.09,-8.73,-0.08,7379.85,01-Oct-2026,7379.85,2,-6.25,8562.1,7196.6
17,2026-10-05 09:07:21,https://nsearchives.nseindia.com/30d/NIFTY-TRANS-LOGIS.svg,https://nsearchives.nseindia.com/365d/NIFTY-TRANS-LOGIS.svg,https://nsearchives.nseindia.com/today/NIFTY-TRANS-LOGIS.svg,04-Sep-2026,03-Oct-2025,7,0.82,0,NIFTY TRANSPORTATION & LOGISTICS,NIFTY TRANS LOGIS,0,THEMATIC INDICES,23987.3,0,25671.2,28-Sep-2026,24803.65,25599.2,0,4.67,41.59,-6.56,-6.3,0.26,23925.65,01-Oct-2026,23925.65,6,61.65,27025.05,21355.4
9,2026-10-05 09:07:21,https://nsearchives.nseindia.com/30d/NIFTY50-SHARIAH.svg,https://nsearchives.nseindia.com/365d/NIFTY50-SHARIAH.svg,https://nsearchives.nseindia.com/today/NIFTY50-SHARIAH.svg,04-Sep-2026,03-Oct-2025,8,1.72,0,NIFTY50 SHARIAH,NIFTY50 SHARIAH,0,THEMATIC INDICES,3939.6,0,4212.7,28-Sep-2026,3982.05,4549.95,0,3.76,24.12,-6.48,-13.41,0.27,3929.1,01-Oct-2026,3929.1,1,10.5,4982.45,3876.2
133,2026-10-05 09:07:21,https://nsearchives.nseindia.com/30d/NIFTY500-SHARIAH.svg,https://nsearchives.nseindia.com/365d/NIFTY500-SHARIAH.svg,https://nsearchives.nseindia.com/today/NIFTY500-SHARIAH.svg,04-Sep-2026,03-Oct-2025,38,1.16,0,NIFTY500 SHARIAH,NIFTY500 SHARIAH,0,THEMATIC INDICES,6589.9,0,6943.25,28-Sep-2026,6673,7011.45,0,4.02,27.16,-5.09,-6.01,0.31,6569.55,01-Oct-2026,6569.55,33,20.35,7285.7,6162.95
31,2026-10-05 09:07:21,https://nsearchives.nseindia.com/30d/NIFTY-SME-EMERGE.svg,https://nsearchives.nseindia.com/365d/NIFTY-SME-EMERGE.svg,https://nsearchives.nseindia.com/today/NIFTY-SME-EMERGE.svg,04-Sep-2026,03-Oct-2025,424,0.06,0,NIFTY SME EMERGE,NIFTY SME EMERGE,0,THEMATIC INDICES,15037.5,0,14768.65,28-Sep-2026,15024.95,15398.69,0,3.57,23.14,1.82,-2.35,0.29,14993.35,01-Oct-2026,14993.35,84,44.15,17223.65,11015.55
16,2026-10-05 09:07:21,https://nsearchives.nseindia.com/30d/NIFTY-INTERNET.svg,,https://nsearchives.nseindia.com/today/NIFTY-INTERNET.svg,04-Sep-2026,,4,0.21,0,NIFTY INDIA INTERNET,NIFTY INTERNET,0,THEMATIC INDICES,1333.5,0,1460.8,28-Sep-2026,1371.1,0,0,6.04,140.05,-8.71,0,0.76,1323.5,01-Oct-2026,1323.5,4,10,1507.95,1056.45
22,2026-10-05 09:07:21,https://nsearchives.nseindia.com/30d/NIFTY-WAVES.svg,https://nsearchives.nseindia.com/365d/NIFTY-WAVES.svg,https://nsearchives.nseindia.com/today/NIFTY-WAVES.svg,04-Sep-2026,03-Oct-2025,16,0.3,0,NIFTY WAVES,NIFTY WAVES,0,THEMATIC INDICES,1829.25,0,1893.05,28-Sep-2026,1831.7,2147.9,0,2.48,0,-3.37,-14.84,0.91,1812.75,01-Oct-2026,1812.75,5,16.5,2789.8,1581.05
67,2026-10-05 09:07:21,https://nsearchives.nseindia.com/30d/NIFTY-INFRALOG.svg,,https://nsearchives.nseindia.com/today/NIFTY-INFRALOG.svg,04-Sep-2026,,16,0.85,0,NIFTY INDIA INFRASTRUCTURE & LOGISTICS,NIFTY INFRALOG,0,THEMATIC INDICES,11382,0,11976.95,28-Sep-2026,11455.65,0,0,3.71,27.11,-4.97,0,0.39,11337.55,01-Oct-2026,11337.55,17,44.45,12549.95,9210.4
9,2026-10-05 09:07:21,https://nsearchives.nseindia.com/30d/NIFTY-RAILWAYSPSU.svg,https://nsearchives.nseindia.com/365d/NIFTY-RAILWAYSPSU.svg,https://nsearchives.nseindia.com/today/NIFTY-RAILWAYSPSU.svg,04-Sep-2026,03-Oct-2025,5,1.98,0,NIFTY INDIA RAILWAYS PSU,NIFTY RAILWAYSPSU,0,THEMATIC INDICES,2574.85,0,2769.65,28-Sep-2026,2585.75,3520.66,0,2.51,19.99,-7.03,-26.86,0.43,2563.9,01-Oct-2026,2563.9,3,10.95,4005.5,2540.05
37,2026-10-05 09:07:21,https://nsearchives.nseindia.com/30d/NIFTYCONGLOMERATE.svg,https://nsearchives.nseindia.com/365d/NIFTYCONGLOMERATE.svg,https://nsearchives.nseindia.com/today/NIFTYCONGLOMERATE.svg,04-Sep-2026,03-Oct-2025,8,1.29,0,NIFTY CONGLOMERATE 50,NIFTYCONGLOMERATE,0,THEMATIC INDICES,13990.85,0,15156.6,28-Sep-2026,14320.45,14330.28,0,3.51,20.2,-7.69,-2.37,0.67,13897.3,01-Oct-2026,13897.3,5,93.55,15692.3,12226.8
,2026-10-05 09:07:21,https://nsearchives.nseindia.com/30d/NIFTY-GS-8-13YR.svg,https://nsearchives.nseindia.com/365d/NIFTY-GS-8-13YR.svg,https://nsearchives.nseindia.com/today/NIFTY-GS-8-13YR.svg,04-Sep-2026,03-Oct-2025,,0,3008.98,NIFTY 8-13 YR G-SEC,NIFTY GS 8 13YR,0,FIXED INCOME INDICES,3008.33,3008.33,3041.51,28-Sep-2026,3008.99,2944.43,3008.96,0,0,-1.09,2.17,0,3008.39,01-Oct-2026,3006.61,,-0.06,0,0
,2026-10-05 09:07:21,https://nsearchives.nseindia.com/30d/NIFTY-GS-10YR.svg,https://nsearchives.nseindia.com/365d/NIFTY-GS-10YR.svg,https://nsearchives.nseindia.com/today/NIFTY-GS-10YR.svg,04-Sep-2026,03-Oct-2025,,0,2633.72,NIFTY 10 YR BENCHMARK G-SEC,NIFTY GS 10YR,0,FIXED INCOME INDICES,2632.73,2632.73,2660.61,28-Sep-2026,2633.54,2601.97,2633.71,0,0,-1.05,1.18,-0.01,2633.21,01-Oct-2026,2631.66,,-0.48,0,0
,2026-10-05 09:07:21,https://nsearchives.nseindia.com/30d/NIFTY-GS-10YR-CLN.svg,https://nsearchives.nseindia.com/365d/NIFTY-GS-10YR-CLN.svg,https://nsearchives.nseindia.com/today/NIFTY-GS-10YR-CLN.svg,04-Sep-2026,03-Oct-2025,,0,852.87,NIFTY 10 YR BENCHMARK G-SEC (CLEAN PRICE),NIFTY GS 10YR CLN,0,FIXED INCOME INDICES,852.54,852.54,867.02,28-Sep-2026,853.99,902.08,852.87,0,0,-1.67,-5.49,-0.03,852.87,01-Oct-2026,852.86,,-0.33,0,0
,2026-10-05 09:07:21,https://nsearchives.nseindia.com/30d/NIFTY-GS-4-8YR.svg,https://nsearchives.nseindia.com/365d/NIFTY-GS-4-8YR.svg,https://nsearchives.nseindia.com/today/NIFTY-GS-4-8YR.svg,04-Sep-2026,03-Oct-2025,,0,3303.28,NIFTY 4-8 YR G-SEC INDEX,NIFTY GS 4 8YR,0,FIXED INCOME INDICES,3303.28,3303.26,3341.8,28-Sep-2026,3302.28,3197.79,3303.26,0,0,-1.15,3.3,0.01,3302.66,01-Oct-2026,3300.77,,0.62,0,0
,2026-10-05 09:07:21,https://nsearchives.nseindia.com/30d/NIFTY-GS-11-15YR.svg,https://nsearchives.nseindia.com/365d/NIFTY-GS-11-15YR.svg,https://nsearchives.nseindia.com/today/NIFTY-GS-11-15YR.svg,04-Sep-2026,03-Oct-2025,,0,3314.45,NIFTY 11-15 YR G-SEC INDEX,NIFTY GS 11 15YR,0,FIXED INCOME INDICES,3314.45,3314.44,3371.56,28-Sep-2026,3320.05,3236.71,3314.44,0,0,-1.69,2.4,0.02,3313.79,01-Oct-2026,3311.8,,0.66,0,0
,2026-10-05 09:07:21,https://nsearchives.nseindia.com/30d/NIFTY-GS-15YRPLUS.svg,https://nsearchives.nseindia.com/365d/NIFTY-GS-15YRPLUS.svg,https://nsearchives.nseindia.com/today/NIFTY-GS-15YRPLUS.svg,04-Sep-2026,03-Oct-2025,,0,3516.53,NIFTY 15 YR AND ABOVE G-SEC INDEX,NIFTY GS 15YRPLUS,0,FIXED INCOME INDICES,3516.53,3516.53,3531.94,28-Sep-2026,3508.58,3487.84,3516.53,0,0,-0.44,0.82,0.02,3515.81,01-Oct-2026,3513.58,,0.72,0,0
,2026-10-05 09:07:21,https://nsearchives.nseindia.com/30d/NIFTY-GS-COMPSITE.svg,https://nsearchives.nseindia.com/365d/NIFTY-GS-COMPSITE.svg,https://nsearchives.nseindia.com/today/NIFTY-GS-COMPSITE.svg,04-Sep-2026,03-Oct-2025,,0,3099.01,NIFTY COMPOSITE G-SEC INDEX,NIFTY GS COMPSITE,0,FIXED INCOME INDICES,3098.59,3098.59,3131.34,28-Sep-2026,3098.86,3034.24,3099,0,0,-1.05,2.12,0,3098.41,01-Oct-2026,3096.55,,0.18,0,0
,2026-10-05 09:07:21,https://nsearchives.nseindia.com/30d/BHARATBOND-APR30.svg,https://nsearchives.nseindia.com/365d/BHARATBOND-APR30.svg,https://nsearchives.nseindia.com/today/BHARATBOND-APR30.svg,04-Sep-2026,01-Oct-2025,,0,1607.54,NIFTY BHARAT BOND INDEX - APRIL 2030,BHARATBOND-APR30,0,FIXED INCOME INDICES,1607.54,1607.53,1612.08,28-Sep-2026,1607.93,1546.1,1607.53,0,0,-0.28,3.97,0.02,1606.23,01-Oct-2026,1606.23,,1.31,0,0
,2026-10-05 09:07:21,https://nsearchives.nseindia.com/30d/BHARATBOND-APR31.svg,https://nsearchives.nseindia.com/365d/BHARATBOND-APR31.svg,https://nsearchives.nseindia.com/today/BHARATBOND-APR31.svg,04-Sep-2026,01-Oct-2025,,0,1454.27,NIFTY BHARAT BOND INDEX - APRIL 2031,BHARATBOND-APR31,0,FIXED INCOME INDICES,1454.27,1454.25,1462.07,28-Sep-2026,1455.25,1406.47,1454.25,0,0,-0.53,3.4,0.02,1453.07,01-Oct-2026,1453.07,,1.2,0,0
,2026-10-05 09:07:21,https://nsearchives.nseindia.com/30d/BHARATBOND-APR32.svg,https://nsearchives.nseindia.com/365d/BHARATBOND-APR32.svg,https://nsearchives.nseindia.com/today/BHARATBOND-APR32.svg,04-Sep-2026,01-Oct-2025,,0,1316.66,NIFTY BHARAT BOND INDEX - APRIL 2032,BHARATBOND-APR32,0,FIXED INCOME INDICES,1316.66,1316.64,1325.97,28-Sep-2026,1317.83,1281.3,1316.64,0,0,-0.7,2.76,0.02,1315.58,01-Oct-2026,1315.58,,1.08,0,0
,2026-10-05 09:07:21,https://nsearchives.nseindia.com/30d/BHARATBOND-APR33.svg,https://nsearchives.nseindia.com/365d/BHARATBOND-APR33.svg,https://nsearchives.nseindia.com/today/BHARATBOND-APR33.svg,04-Sep-2026,01-Oct-2025,,0,1274.11,NIFTY BHARAT BOND INDEX - APRIL 2033,BHARATBOND-APR33,0,FIXED INCOME INDICES,1274.11,1274.11,1284.88,28-Sep-2026,1276.04,1242.35,1274.11,0,0,-0.84,2.56,0.02,1273.07,01-Oct-2026,1273.07,,1.04,0,0
