triggered_at,status,duration_seconds,message
2026-06-25 12:59:45,Success,0.16,
2026-06-25 14:34:37,Success,0.18,
2026-06-25 15:51:02,Success,0.15,
2026-06-25 18:07:01,Success,0.13,
2026-06-25 21:03:15,Success,0.48,
2026-06-25 23:04:24,Success,0.5,
2026-06-26 01:00:04,Success,0.24,
2026-06-26 02:44:13,Success,0.35,
2026-06-26 04:18:02,Success,0.53,
2026-06-26 05:35:35,Success,0.62,
2026-06-26 10:08:46,Success,0.24,
2026-06-26 13:49:20,Success,0.14,
2026-06-26 16:51:39,Success,0.39,
2026-06-26 18:57:47,Success,0.46,
2026-06-26 21:09:42,Success,0.41,
2026-06-26 22:53:11,Success,0.38,
2026-06-27 00:46:49,Success,0.43,
2026-06-27 02:34:33,Success,0.3,
2026-06-27 04:05:14,Success,0.16,
2026-06-27 05:16:33,Success,0.27,
2026-06-27 08:10:37,Success,0.98,
2026-06-27 11:46:45,Success,0.46,
2026-06-27 14:40:32,Success,0.52,
2026-06-27 16:33:57,Success,0.42,
2026-06-27 17:47:40,Success,0.5,
2026-06-27 19:42:25,Success,0.53,
2026-06-27 21:09:31,Success,0.48,
2026-06-27 22:15:23,Success,0.44,
2026-06-27 23:27:34,Success,0.73,
2026-06-28 00:52:26,Success,0.45,
2026-06-28 02:06:46,Success,0.48,
2026-06-28 03:13:36,Success,0.14,
