triggered_at,status,duration_seconds,message
2026-06-25 12:59:45,Success,0.16,
2026-06-25 14:34:37,Success,0.18,
2026-06-25 15:51:02,Success,0.15,
2026-06-25 18:07:01,Success,0.13,
2026-06-25 21:03:15,Success,0.48,
2026-06-25 23:04:24,Success,0.5,
2026-06-26 01:00:04,Success,0.24,
2026-06-26 02:44:13,Success,0.35,
2026-06-26 04:18:02,Success,0.53,
2026-06-26 05:35:35,Success,0.62,
2026-06-26 10:08:46,Success,0.24,
2026-06-26 13:49:20,Success,0.14,
2026-06-26 16:51:39,Success,0.39,
2026-06-26 18:57:47,Success,0.46,
2026-06-26 21:09:42,Success,0.41,
2026-06-26 22:53:11,Success,0.38,
2026-06-27 00:46:49,Success,0.43,
2026-06-27 02:34:33,Success,0.3,
2026-06-27 04:05:14,Success,0.16,
2026-06-27 05:16:33,Success,0.27,
2026-06-27 08:10:37,Success,0.98,
2026-06-27 11:46:45,Success,0.46,
2026-06-27 14:40:32,Success,0.52,
2026-06-27 16:33:57,Success,0.42,
2026-06-27 17:47:40,Success,0.5,
2026-06-27 19:42:25,Success,0.53,
2026-06-27 21:09:31,Success,0.48,
2026-06-27 22:15:23,Success,0.44,
2026-06-27 23:27:34,Success,0.73,
2026-06-28 00:52:26,Success,0.45,
2026-06-28 02:06:46,Success,0.48,
2026-06-28 03:13:36,Success,0.14,
2026-06-28 04:13:37,Success,0.4,
2026-06-28 05:13:01,Success,0.41,
2026-06-28 07:23:14,Success,0.67,
2026-06-28 11:43:03,Success,0.36,
2026-06-28 15:03:28,Success,0.19,
2026-06-28 16:54:09,Success,0.52,
2026-06-28 18:22:56,Success,0.19,
2026-06-28 20:15:32,Success,0.12,
2026-06-28 21:36:26,Success,0.27,
2026-06-28 23:04:37,Success,0.41,
2026-06-29 00:19:14,Success,0.48,
2026-06-29 01:39:23,Success,0.33,
2026-06-29 02:48:49,Success,0.34,
2026-06-29 04:03:58,Success,0.46,
2026-06-29 05:16:43,Success,0.37,
2026-06-29 08:26:05,Success,0.54,
2026-06-29 11:23:58,Success,0.52,
2026-06-29 12:58:33,Success,0.44,
2026-06-29 17:46:03,Success,0.14,
2026-06-29 21:53:22,Success,0.57,
2026-06-29 23:58:23,Success,0.15,
2026-06-30 01:55:40,Success,0.51,
2026-06-30 03:20:56,Success,0.24,
2026-06-30 04:21:27,Success,0.42,
2026-06-30 05:28:58,Success,0.5,
2026-06-30 09:35:37,Success,0.43,
2026-06-30 13:31:36,Success,0.39,
2026-06-30 16:51:15,Success,0.17,
2026-06-30 18:50:26,Success,0.75,
2026-06-30 21:30:54,Success,0.43,
2026-06-30 23:43:35,Success,0.5,
2026-07-01 01:49:59,Success,0.41,
2026-07-01 03:23:51,Success,0.14,
2026-07-01 04:36:03,Success,0.61,
2026-07-01 05:50:41,Success,0.58,
2026-07-01 10:33:45,Success,0.58,
2026-07-01 14:25:34,Success,0.44,
2026-07-01 16:25:50,Success,0.14,
2026-07-01 17:27:48,Success,0.17,
2026-07-01 20:10:48,Success,0.29,
2026-07-01 22:29:02,Success,1.3,
2026-07-02 00:31:02,Success,0.19,
2026-07-02 02:23:31,Success,0.45,
2026-07-02 03:45:04,Success,0.66,
2026-07-02 05:16:19,Success,0.65,
2026-07-02 08:15:15,Success,0.58,
2026-07-02 12:06:24,Success,0.43,
2026-07-02 15:17:12,Success,0.31,
2026-07-02 17:36:02,Success,0.22,
2026-07-02 19:57:37,Success,0.25,
2026-07-02 21:49:36,Success,0.5,
2026-07-02 23:41:22,Success,0.75,
2026-07-03 01:21:13,Success,0.4,
2026-07-03 02:29:19,Success,0.47,
2026-07-03 03:42:29,Success,0.36,
2026-07-03 05:00:24,Success,5.58,
2026-07-03 06:46:20,Success,0.5,
2026-07-03 10:40:15,Success,0.11,
2026-07-03 13:50:58,Success,0.67,
2026-07-03 13:56:43,Success,0.23,
2026-07-03 16:38:46,Success,0.46,
2026-07-03 18:38:23,Success,0.39,
2026-07-03 20:54:06,Success,0.53,
2026-07-03 22:21:56,Success,0.13,
2026-07-03 23:39:09,Success,0.53,
2026-07-04 01:17:56,Success,0.65,
2026-07-04 02:28:38,Success,0.18,
2026-07-04 03:37:57,Success,0.33,
2026-07-04 04:47:58,Success,0.58,
2026-07-04 06:36:40,Success,0.61,
2026-07-04 10:19:34,Success,0.63,
2026-07-04 13:10:56,Success,0.54,
2026-07-04 15:22:05,Success,0.57,
2026-07-04 16:52:25,Success,0.57,
2026-07-04 18:11:41,Success,0.55,
2026-07-04 19:44:40,Success,0.51,
2026-07-04 21:03:06,Success,0.52,
2026-07-04 22:11:19,Success,0.17,
2026-07-04 23:14:00,Success,0.4,
2026-07-05 00:12:29,Success,0.15,
2026-07-05 01:25:14,Success,0.12,
2026-07-05 02:21:00,Success,0.45,
2026-07-05 03:23:24,Success,0.14,
2026-07-05 04:23:10,Success,0.61,
2026-07-05 05:27:08,Success,0.5,
2026-07-05 08:55:32,Success,0.15,
2026-07-05 12:23:49,Success,0.53,
2026-07-05 15:08:59,Success,0.24,
2026-07-05 16:49:36,Success,0.51,
2026-07-05 18:16:49,Success,0.18,
2026-07-05 19:57:30,Success,0.14,
2026-07-05 21:17:14,Success,0.27,
2026-07-05 22:33:09,Success,0.42,
2026-07-05 23:44:43,Success,0.97,
2026-07-06 01:13:40,Success,0.19,
2026-07-06 02:11:14,Success,0.4,
2026-07-06 03:10:35,Success,0.15,
2026-07-06 04:09:23,Success,0.68,
2026-07-06 05:13:07,Success,0.55,
2026-07-06 06:54:50,Success,0.58,
2026-07-06 11:21:06,Success,0.4,
2026-07-06 15:37:12,Success,0.21,
2026-07-06 19:32:10,Success,0.15,
2026-07-06 22:44:38,Success,0.61,
2026-07-07 00:37:21,Success,0.7,
2026-07-07 02:30:28,Success,0.78,
2026-07-07 04:06:22,Success,0.47,
2026-07-07 05:14:05,Success,0.18,
2026-07-07 06:54:41,Success,0.46,
2026-07-07 11:01:34,Success,0.11,
2026-07-07 14:23:54,Success,0.36,
2026-07-07 17:12:54,Success,0.67,
2026-07-07 19:23:08,Success,0.33,
2026-07-07 21:55:13,Success,0.81,
2026-07-07 23:57:49,Success,0.15,
2026-07-08 01:55:30,Success,0.65,
2026-07-08 03:21:58,Success,0.6,
2026-07-08 04:26:02,Success,0.66,
2026-07-08 05:25:49,Success,0.58,
2026-07-08 07:54:31,Success,0.48,
2026-07-08 11:05:37,Success,0.43,
2026-07-08 13:27:55,Success,0.3,
2026-07-08 15:50:52,Success,0.38,
2026-07-08 17:32:37,Success,0.43,
2026-07-08 20:09:50,Success,0.17,
2026-07-08 21:50:20,Success,0.51,
2026-07-08 23:27:27,Success,0.47,
2026-07-09 00:56:40,Success,0.36,
2026-07-09 02:13:00,Success,1.29,
2026-07-09 03:18:29,Success,0.54,
2026-07-09 04:29:24,Success,0.52,
2026-07-09 05:47:16,Success,0.7,
2026-07-09 09:58:17,Success,0.52,
2026-07-09 13:36:05,Success,0.17,
2026-07-09 16:47:30,Success,0.4,
2026-07-09 19:32:37,Success,0.6,
2026-07-09 22:09:44,Success,0.23,
2026-07-09 23:55:22,Success,0.18,
2026-07-10 01:46:58,Success,0.42,
2026-07-10 03:24:55,Success,0.17,
2026-07-10 04:36:55,Success,0.7,
2026-07-10 05:48:09,Success,0.43,
2026-07-10 10:01:28,Success,0.54,
2026-07-10 13:33:17,Success,0.31,
2026-07-10 16:47:48,Success,0.52,
2026-07-10 18:54:18,Success,0.1,
2026-07-10 21:14:28,Success,0.77,
2026-07-10 22:59:14,Success,0.57,
2026-07-11 00:34:43,Success,0.43,
2026-07-11 02:11:39,Success,0.5,
2026-07-11 03:11:52,Success,0.2,
2026-07-11 04:10:29,Success,0.4,
